SEASON_ID,SERIES_ID,SEASON_NAME,SEASON_NUM,EPISODE_COUNT,AIR_DATE
217,79,도라도라 영어나라1,1,26,2000-08-14
218,79,도라도라 영어나라2,2,27,2002-03-11
219,79,도라도라 영어나라3,3,24,2003-08-26
220,79,도라도라 영어나라4,4,25,2004-10-06
221,79,도라도라 영어나라5,5,25,2008-09-18
223,79,도라도라 영어나라6,6,20,2010-11-05
224,79,도라도라 영어나라7,7,20,2012-07-10
225,79,도라도라 영어나라8,8,22,2013-03-18
308,106,The Andy Griffith Show1,1,32,1960-10-03
309,106,The Andy Griffith Show2,2,31,1961-10-02
310,106,The Andy Griffith Show8,8,30,1967-09-11
311,106,The Andy Griffith Show4,4,32,1963-09-30
312,106,The Andy Griffith Show3,3,32,1962-10-01
313,106,The Andy Griffith Show5,5,32,1964-09-21
314,106,The Andy Griffith Show6,6,30,1965-09-13
315,106,The Andy Griffith Show7,7,30,1966-09-12
316,106,The Andy Griffith Show0,0,7,1960-02-15
849,269,원 트리 힐1,1,22,2003-09-23
850,269,원 트리 힐2,2,23,2004-09-21
851,269,원 트리 힐3,3,22,2005-10-05
852,269,원 트리 힐4,4,21,2006-09-27
853,269,원 트리 힐5,5,18,2008-01-08
854,269,원 트리 힐6,6,24,2008-09-01
855,269,원 트리 힐7,7,22,2009-09-14
856,269,원 트리 힐8,8,22,2010-09-14
857,269,원 트리 힐9,9,13,2012-01-11
858,269,원 트리 힐0,0,3,
925,314,스타 트렉: 엔터프라이즈1,1,25,2001-09-26
926,314,스타 트렉: 엔터프라이즈2,2,26,2002-09-08
927,314,스타 트렉: 엔터프라이즈3,3,24,2003-09-10
928,314,스타 트렉: 엔터프라이즈4,4,22,2004-10-08
929,314,스타 트렉: 엔터프라이즈0,0,64,
1345,474,Nash Bridges1,1,8,1996-03-29
1346,474,Nash Bridges5,5,22,1999-09-24
1347,474,Nash Bridges6,6,22,2000-10-06
1348,474,Nash Bridges3,3,23,1997-09-19
1349,474,Nash Bridges2,2,23,1996-09-13
1350,474,Nash Bridges4,4,24,1998-09-25
1417,496,Family Ties7,7,26,1988-10-30
1418,496,Family Ties5,5,30,1986-09-24
1419,496,Family Ties6,6,28,1987-09-12
1420,496,Family Ties3,3,24,1984-09-19
1421,496,Family Ties2,2,22,1983-09-28
1422,496,Family Ties4,4,24,1985-09-25
1423,496,Family Ties1,1,22,1982-09-22
1424,496,Family Ties0,0,8,1985-09-23
1540,517,The Ultimate Fighter0,0,60,2010-06-16
1541,517,The Ultimate Fighter1,1,16,2005-01-17
1542,517,The Ultimate Fighter2,2,14,2005-08-22
1543,517,The Ultimate Fighter3,3,14,2006-04-06
1544,517,The Ultimate Fighter4,4,14,2006-08-17
1545,517,The Ultimate Fighter5,5,14,2007-04-05
1546,517,The Ultimate Fighter6,6,14,2007-09-19
1547,517,The Ultimate Fighter7,7,14,2008-04-02
1548,517,The Ultimate Fighter8,8,14,2008-09-17
1549,517,The Ultimate Fighter9,9,14,2009-04-01
1550,517,The Ultimate Fighter11,11,13,2010-03-31
1551,517,The Ultimate Fighter12,12,13,2010-09-14
1552,517,The Ultimate Fighter13,13,11,2011-03-30
1553,517,The Ultimate Fighter14,14,12,2011-09-21
1554,517,The Ultimate Fighter15,15,13,2012-03-09
1555,517,The Ultimate Fighter17,17,13,2013-01-22
1556,517,The Ultimate Fighter18,18,14,2013-09-04
1557,517,The Ultimate Fighter16,16,13,2012-09-14
1664,549,로 앤 오더1,1,22,1990-09-13
1665,549,로 앤 오더2,2,22,1991-09-17
1666,549,로 앤 오더3,3,22,1992-09-23
1667,549,로 앤 오더4,4,22,1993-09-15
1668,549,로 앤 오더5,5,23,1994-09-21
1669,549,로 앤 오더6,6,23,1995-09-20
1670,549,로 앤 오더8,8,24,1997-09-24
1671,549,로 앤 오더7,7,23,1996-09-18
1672,549,로 앤 오더9,9,24,1998-09-23
1673,549,로 앤 오더10,10,24,1999-09-22
1674,549,로 앤 오더12,12,24,2001-09-26
1675,549,로 앤 오더11,11,24,2000-10-18
1676,549,로 앤 오더13,13,24,2002-10-02
1677,549,로 앤 오더14,14,24,2003-09-24
1678,549,로 앤 오더15,15,24,2004-09-22
1679,549,로 앤 오더17,17,22,2006-09-22
1680,549,로 앤 오더16,16,22,2005-09-21
1681,549,로 앤 오더19,19,22,2008-11-05
1682,549,로 앤 오더18,18,18,2008-01-02
1683,549,로 앤 오더20,20,23,2009-09-25
1684,549,로 앤 오더0,0,7,
1989,655,스타 트렉: 넥스트 제너레이션1,1,25,1987-09-28
1990,655,스타 트렉: 넥스트 제너레이션2,2,22,1988-11-21
1991,655,스타 트렉: 넥스트 제너레이션4,4,26,1990-09-24
1992,655,스타 트렉: 넥스트 제너레이션5,5,26,1991-09-23
1993,655,스타 트렉: 넥스트 제너레이션6,6,26,1992-09-21
1994,655,스타 트렉: 넥스트 제너레이션7,7,25,1993-09-20
1995,655,스타 트렉: 넥스트 제너레이션3,3,26,1989-09-25
1996,655,스타 트렉: 넥스트 제너레이션0,0,137,2012-07-24
2042,688,웨스트 윙0,0,3,2001-10-03
2043,688,웨스트 윙1,1,22,1999-09-22
2044,688,웨스트 윙2,2,22,2000-10-04
2045,688,웨스트 윙3,3,21,2001-10-10
2046,688,웨스트 윙4,4,23,2002-09-25
2047,688,웨스트 윙5,5,22,2003-09-24
2048,688,웨스트 윙6,6,22,2004-10-20
2049,688,웨스트 윙7,7,22,2005-09-25
2111,720,욕심쟁이 오리아저씨1,1,66,1987-09-18
2112,720,욕심쟁이 오리아저씨2,2,10,1988-11-24
2113,720,욕심쟁이 오리아저씨3,3,18,1989-09-18
2115,720,욕심쟁이 오리아저씨4,4,7,1990-09-10
2246,764,미드소머 머더스10,10,8,2006-11-11
2247,764,미드소머 머더스4,4,6,2000-09-10
2248,764,미드소머 머더스2,2,4,1999-01-20
2249,764,미드소머 머더스3,3,4,1999-12-31
2250,764,미드소머 머더스1,1,5,1997-03-23
2251,764,미드소머 머더스6,6,5,2003-01-03
2252,764,미드소머 머더스5,5,4,2002-06-16
2253,764,미드소머 머더스7,7,6,2003-11-02
2254,764,미드소머 머더스11,11,7,2008-01-01
2255,764,미드소머 머더스8,8,9,2004-10-10
2256,764,미드소머 머더스9,9,8,2005-10-09
2257,764,미드소머 머더스12,12,7,2009-07-22
2258,764,미드소머 머더스13,13,8,2010-02-10
2260,764,미드소머 머더스14,14,8,2011-03-23
2261,764,미드소머 머더스15,15,6,2012-02-01
2545,873,형사 콜롬보1,1,7,1971-09-15
2546,873,형사 콜롬보3,3,8,1973-09-23
2547,873,형사 콜롬보2,2,8,1972-09-17
2548,873,형사 콜롬보5,5,6,1975-09-14
2549,873,형사 콜롬보4,4,6,1974-09-15
2550,873,형사 콜롬보6,6,3,1976-10-10
2551,873,형사 콜롬보7,7,5,1977-11-21
2552,873,형사 콜롬보10,10,14,1990-12-09
2553,873,형사 콜롬보8,8,4,1989-02-06
2554,873,형사 콜롬보9,9,6,1989-11-25
2654,918,M*A*S*H5,5,24,1976-09-21
2655,918,M*A*S*H4,4,24,1975-09-12
2656,918,M*A*S*H1,1,24,1972-09-17
2657,918,M*A*S*H3,3,24,1974-09-10
2658,918,M*A*S*H2,2,24,1973-09-15
2659,918,M*A*S*H7,7,25,1978-09-18
2660,918,M*A*S*H6,6,24,1977-09-20
2661,918,M*A*S*H8,8,25,1979-09-17
2662,918,M*A*S*H10,10,21,1981-10-26
2663,918,M*A*S*H9,9,20,1980-11-17
2664,918,M*A*S*H11,11,16,1982-10-25
3262,1215,캘리포니케이션1,1,12,2007-08-13
3263,1215,캘리포니케이션2,2,12,2008-09-28
3264,1215,캘리포니케이션3,3,12,2009-09-27
3265,1215,캘리포니케이션4,4,12,2011-01-09
3266,1215,캘리포니케이션0,0,7,
3267,1215,캘리포니케이션6,6,12,2013-01-13
3268,1215,캘리포니케이션5,5,12,2012-01-08
3435,1338,Alarm für Cobra 11 - Die Autobahnpolizei16,16,10,2004-09-09
3437,1338,Alarm für Cobra 11 - Die Autobahnpolizei1,1,9,1996-03-12
3438,1338,Alarm für Cobra 11 - Die Autobahnpolizei2,2,6,1997-03-11
3439,1338,Alarm für Cobra 11 - Die Autobahnpolizei3,3,6,1997-10-14
3440,1338,Alarm für Cobra 11 - Die Autobahnpolizei4,4,10,1998-03-31
3441,1338,Alarm für Cobra 11 - Die Autobahnpolizei5,5,8,1998-10-01
3442,1338,Alarm für Cobra 11 - Die Autobahnpolizei6,6,8,1999-03-18
3443,1338,Alarm für Cobra 11 - Die Autobahnpolizei7,7,11,1999-12-16
3444,1338,Alarm für Cobra 11 - Die Autobahnpolizei8,8,5,2000-11-09
3445,1338,Alarm für Cobra 11 - Die Autobahnpolizei9,9,6,2001-04-05
3446,1338,Alarm für Cobra 11 - Die Autobahnpolizei10,10,6,2001-11-08
3447,1338,Alarm für Cobra 11 - Die Autobahnpolizei11,11,8,2002-03-14
3448,1338,Alarm für Cobra 11 - Die Autobahnpolizei12,12,9,2002-09-05
3449,1338,Alarm für Cobra 11 - Die Autobahnpolizei13,13,5,2003-03-13
3450,1338,Alarm für Cobra 11 - Die Autobahnpolizei14,14,9,2003-09-11
3451,1338,Alarm für Cobra 11 - Die Autobahnpolizei15,15,9,2004-03-18
3452,1338,Alarm für Cobra 11 - Die Autobahnpolizei17,17,8,2005-02-10
3453,1338,Alarm für Cobra 11 - Die Autobahnpolizei18,18,5,2005-09-15
3454,1338,Alarm für Cobra 11 - Die Autobahnpolizei19,19,7,2006-03-30
3455,1338,Alarm für Cobra 11 - Die Autobahnpolizei20,20,12,2006-09-07
3456,1338,Alarm für Cobra 11 - Die Autobahnpolizei21,21,8,2007-03-22
3457,1338,Alarm für Cobra 11 - Die Autobahnpolizei22,22,7,2007-09-20
3458,1338,Alarm für Cobra 11 - Die Autobahnpolizei23,23,7,2008-03-13
3459,1338,Alarm für Cobra 11 - Die Autobahnpolizei24,24,9,2008-09-04
3460,1338,Alarm für Cobra 11 - Die Autobahnpolizei25,25,6,2009-03-05
3461,1338,Alarm für Cobra 11 - Die Autobahnpolizei26,26,9,2009-09-03
3462,1338,Alarm für Cobra 11 - Die Autobahnpolizei27,27,6,2010-03-11
3463,1338,Alarm für Cobra 11 - Die Autobahnpolizei28,28,7,2010-09-02
3464,1338,Alarm für Cobra 11 - Die Autobahnpolizei29,29,6,2011-03-10
3465,1338,Alarm für Cobra 11 - Die Autobahnpolizei30,30,9,2011-09-15
3466,1338,Alarm für Cobra 11 - Die Autobahnpolizei31,31,7,2012-03-08
3467,1338,Alarm für Cobra 11 - Die Autobahnpolizei32,32,5,2012-09-06
3468,1338,Alarm für Cobra 11 - Die Autobahnpolizei33,33,10,2013-02-14
3607,1100,내가 그녀를 만났을 때1,1,22,2005-09-18
3608,1100,내가 그녀를 만났을 때2,2,22,2006-09-18
3609,1100,내가 그녀를 만났을 때3,3,20,2007-09-24
3610,1100,내가 그녀를 만났을 때4,4,24,2008-09-22
3611,1100,내가 그녀를 만났을 때5,5,24,2009-09-21
3612,1100,내가 그녀를 만났을 때6,6,24,2010-09-20
3613,1100,내가 그녀를 만났을 때0,0,10,2006-11-20
3614,1100,내가 그녀를 만났을 때7,7,24,2011-09-19
3615,1100,내가 그녀를 만났을 때8,8,24,2012-09-24
3616,1100,내가 그녀를 만났을 때9,9,24,2013-09-23
3624,1399,왕좌의 게임1,1,10,2011-04-18
3625,1399,왕좌의 게임2,2,10,2012-03-31
3626,1399,왕좌의 게임3,3,10,2013-03-31
3627,1399,왕좌의 게임0,0,283,2010-12-05
3628,1399,왕좌의 게임4,4,10,2014-04-06
3643,1402,워킹 데드1,1,6,2010-10-31
3644,1402,워킹 데드2,2,13,2011-10-16
3645,1402,워킹 데드3,3,16,2012-10-14
3646,1402,워킹 데드0,0,49,2010-10-11
3647,1402,워킹 데드4,4,16,2013-10-13
3648,1403,에이전트 오브 쉴드1,1,22,2013-09-24
3649,1403,에이전트 오브 쉴드0,0,11,2013-08-25
3650,1404,척1,1,13,2007-09-24
3651,1404,척2,2,22,2008-09-29
3652,1404,척3,3,19,2010-01-10
3653,1404,척4,4,24,2010-09-20
3654,1404,척0,0,19,2009-02-03
3655,1404,척5,5,13,2011-10-28
3674,1408,하우스1,1,22,2004-11-16
3675,1408,하우스2,2,24,2005-09-13
3676,1408,하우스5,5,24,2008-09-16
3677,1408,하우스6,6,22,2009-09-21
3678,1408,하우스4,4,16,2007-09-25
3679,1408,하우스3,3,24,2006-09-05
3680,1408,하우스7,7,23,2010-09-20
3681,1408,하우스8,8,22,2011-10-03
3682,1408,하우스0,0,41,2011-02-10
3693,1411,퍼슨 오브 인터레스트1,1,23,2011-09-22
3694,1411,퍼슨 오브 인터레스트2,2,22,2012-09-28
3695,1411,퍼슨 오브 인터레스트0,0,17,2012-09-04
3696,1411,퍼슨 오브 인터레스트3,3,23,2013-09-24
3697,1412,애로우1,1,23,2012-10-10
3698,1412,애로우0,0,41,2013-10-02
3699,1412,애로우2,2,23,2013-10-09
3700,1413,아메리칸 호러 스토리1,1,12,2011-10-05
3702,1413,아메리칸 호러 스토리2,2,13,2012-10-17
3703,1413,아메리칸 호러 스토리3,3,13,2013-10-09
3715,1416,그레이 아나토미3,3,25,2006-09-21
3716,1416,그레이 아나토미4,4,17,2007-09-27
3717,1416,그레이 아나토미5,5,24,2008-09-25
3718,1416,그레이 아나토미1,1,9,2005-03-27
3719,1416,그레이 아나토미2,2,27,2005-09-25
3720,1416,그레이 아나토미6,6,24,2009-09-24
3721,1416,그레이 아나토미7,7,22,2010-09-23
3722,1416,그레이 아나토미0,0,52,2006-01-08
3723,1416,그레이 아나토미8,8,24,2011-09-22
3724,1416,그레이 아나토미9,9,24,2012-09-27
3725,1416,그레이 아나토미10,10,24,2013-09-26
3751,1421,모던 패밀리1,1,24,2009-09-23
3752,1421,모던 패밀리2,2,24,2010-09-22
3753,1421,모던 패밀리3,3,24,2011-09-21
3755,1421,모던 패밀리4,4,24,2012-09-26
3756,1421,모던 패밀리5,5,24,2013-09-25
3765,1424,오렌지 이즈 더 뉴 블랙1,1,13,2013-07-12
3766,1424,오렌지 이즈 더 뉴 블랙2,2,13,2014-06-07
3792,1431,CSI: 라스베가스1,1,23,2000-10-06
3793,1431,CSI: 라스베가스2,2,23,2001-09-27
3794,1431,CSI: 라스베가스3,3,23,2002-09-25
3795,1431,CSI: 라스베가스4,4,23,2003-09-24
3796,1431,CSI: 라스베가스5,5,25,2004-09-23
3797,1431,CSI: 라스베가스6,6,24,2005-09-22
3798,1431,CSI: 라스베가스7,7,24,2006-09-21
3799,1431,CSI: 라스베가스8,8,17,2007-09-27
3800,1431,CSI: 라스베가스9,9,24,2008-10-09
3801,1431,CSI: 라스베가스10,10,23,2009-09-24
3802,1431,CSI: 라스베가스11,11,22,2010-09-23
3803,1431,CSI: 라스베가스0,0,1,2015-09-27
3804,1431,CSI: 라스베가스12,12,22,2011-09-21
3805,1431,CSI: 라스베가스13,13,22,2012-09-26
3806,1431,CSI: 라스베가스14,14,22,2013-09-25
3811,1433,아메리칸 대드!1,1,7,2005-02-06
3812,1433,아메리칸 대드!3,3,19,2006-09-10
3813,1433,아메리칸 대드!4,4,16,2007-09-30
3814,1433,아메리칸 대드!5,5,20,2008-09-28
3815,1433,아메리칸 대드!7,7,19,2010-10-03
3816,1433,아메리칸 대드!0,0,9,
3817,1433,아메리칸 대드!8,8,18,2011-09-25
3818,1433,아메리칸 대드!9,9,19,2012-09-30
3819,1433,아메리칸 대드!10,10,20,2013-09-29
3820,1433,아메리칸 대드!2,2,16,2005-09-11
3834,1435,굿 와이프1,1,23,2009-09-22
3835,1435,굿 와이프2,2,23,2010-09-28
3836,1435,굿 와이프0,0,1,2011-09-01
3837,1435,굿 와이프3,3,22,2011-09-25
3838,1435,굿 와이프4,4,22,2012-09-30
3839,1435,굿 와이프5,5,22,2013-09-29
3870,1447,싸이크1,1,15,2006-07-07
3871,1447,싸이크2,2,16,2007-07-13
3872,1447,싸이크3,3,16,2008-07-18
3873,1447,싸이크4,4,16,2009-08-07
3874,1447,싸이크5,5,16,2010-07-14
3875,1447,싸이크0,0,24,2007-01-01
3876,1447,싸이크6,6,16,2011-10-12
3877,1447,싸이크7,7,15,2013-02-27
3878,1447,싸이크8,8,10,2014-01-08
3999,1481,44001,1,5,2004-07-11
4000,1481,44003,3,13,2006-06-11
4001,1481,44002,2,13,2005-06-05
4002,1481,44004,4,13,2007-06-17
4003,1481,44000,0,1,2006-06-03
4126,1516,A 특공대5,5,13,1986-09-26
4127,1516,A 특공대4,4,23,1985-09-24
4128,1516,A 특공대2,2,23,1983-09-20
4129,1516,A 특공대3,3,25,1984-09-18
4130,1516,A 특공대1,1,14,1983-01-23
4131,1516,A 특공대0,0,1,
4178,1530,My Three Sons1,1,36,1960-09-29
4179,1530,My Three Sons2,2,36,1961-09-28
4180,1530,My Three Sons3,3,39,1962-09-20
4181,1530,My Three Sons4,4,37,1963-09-19
4182,1530,My Three Sons6,6,32,1965-09-16
4183,1530,My Three Sons5,5,36,1964-09-17
4184,1530,My Three Sons8,8,30,1967-09-09
4185,1530,My Three Sons7,7,32,1966-09-15
4186,1530,My Three Sons9,9,28,1968-09-28
4187,1530,My Three Sons11,11,24,1970-09-19
4188,1530,My Three Sons12,12,24,1971-09-13
4189,1530,My Three Sons10,10,26,1969-10-04
4190,1532,Starsky & Hutch1,1,22,1975-09-10
4191,1532,Starsky & Hutch2,2,25,1976-09-25
4192,1532,Starsky & Hutch3,3,23,1977-09-17
4193,1532,Starsky & Hutch4,4,22,1978-09-12
4194,1532,Starsky & Hutch0,0,7,1976-04-23
4438,1620,CSI: 마이애미3,3,24,2004-09-20
4439,1620,CSI: 마이애미2,2,24,2003-09-22
4440,1620,CSI: 마이애미7,7,25,2008-09-22
4441,1620,CSI: 마이애미4,4,25,2005-09-20
4442,1620,CSI: 마이애미5,5,24,2006-09-18
4443,1620,CSI: 마이애미6,6,21,2007-09-24
4444,1620,CSI: 마이애미1,1,24,2002-09-23
4445,1620,CSI: 마이애미8,8,24,2009-09-21
4446,1620,CSI: 마이애미9,9,22,2010-10-03
4447,1620,CSI: 마이애미0,0,44,2004-06-29
4448,1620,CSI: 마이애미10,10,19,2011-09-25
4573,1668,프렌즈1,1,24,1994-09-22
4574,1668,프렌즈2,2,24,1995-09-21
4575,1668,프렌즈3,3,25,1996-09-16
4576,1668,프렌즈4,4,23,1997-09-25
4577,1668,프렌즈5,5,23,1998-09-24
4578,1668,프렌즈6,6,23,1999-09-23
4579,1668,프렌즈7,7,23,2000-10-12
4580,1668,프렌즈8,8,23,2001-09-27
4581,1668,프렌즈9,9,23,2002-09-26
4582,1668,프렌즈10,10,17,2003-09-25
4583,1668,프렌즈0,0,39,2001-02-14
4656,1695,몽크 1,1,13,2002-07-12
4657,1695,몽크 2,2,16,2003-06-20
4658,1695,몽크 3,3,16,2004-06-18
4659,1695,몽크 4,4,16,2005-07-08
4660,1695,몽크 5,5,16,2006-07-07
4661,1695,몽크 6,6,16,2007-07-13
4662,1695,몽크 8,8,16,2009-08-07
4663,1695,몽크 7,7,16,2008-07-18
4664,1695,몽크 0,0,30,
4689,1705,프린지0,0,15,2009-10-05
4690,1705,프린지1,1,20,2008-09-09
4691,1705,프린지2,2,23,2009-09-17
4692,1705,프린지3,3,22,2010-09-23
4693,1705,프린지4,4,22,2011-09-23
4694,1705,프린지5,5,13,2012-09-28
4795,1719,Gargoyles3,3,13,1996-09-07
4796,1719,Gargoyles1,1,13,1994-10-24
4797,1719,Gargoyles2,2,52,1995-09-04
4798,1719,Gargoyles0,0,3,
5280,1848,Winx Club0,0,7,2007-11-30
5281,1848,Winx Club1,1,26,2004-01-28
5282,1848,Winx Club2,2,26,2005-04-19
5283,1848,Winx Club3,3,26,2006-09-30
5284,1848,Winx Club4,4,26,2009-04-15
5285,1848,Winx Club5,5,26,2012-10-16
5307,1855,스타 트렉: 보이저1,1,15,1995-01-16
5308,1855,스타 트렉: 보이저2,2,26,1995-08-28
5309,1855,스타 트렉: 보이저3,3,26,1996-09-04
5310,1855,스타 트렉: 보이저4,4,26,1997-09-03
5311,1855,스타 트렉: 보이저5,5,25,1998-10-14
5312,1855,스타 트렉: 보이저6,6,26,1999-09-22
5314,1855,스타 트렉: 보이저0,0,90,1995-01-09
5385,1877,피니와 퍼브1,1,47,2007-08-17
5386,1877,피니와 퍼브2,2,66,2009-02-19
5387,1877,피니와 퍼브3,3,62,2011-03-04
5388,1877,피니와 퍼브4,4,48,2012-12-07
5389,1877,피니와 퍼브0,0,3,2009-11-12
5520,1911,본즈1,1,22,2005-09-13
5521,1911,본즈2,2,21,2006-08-30
5522,1911,본즈3,3,15,2007-09-25
5523,1911,본즈4,4,26,2008-09-03
5524,1911,본즈5,5,22,2009-09-17
5525,1911,본즈6,6,23,2010-09-23
5526,1911,본즈0,0,47,
5527,1911,본즈7,7,13,2011-11-03
5528,1911,본즈8,8,24,2012-09-17
5529,1911,본즈9,9,24,2013-09-16
5713,1950,에버우드1,1,23,2002-09-16
5714,1950,에버우드3,3,22,2004-09-13
5715,1950,에버우드2,2,22,2003-09-15
5716,1950,에버우드4,4,22,2005-09-29
5717,1950,에버우드0,0,1,2004-09-07
5879,1981,참드1,1,22,1998-10-07
5880,1981,참드5,5,23,2002-09-22
5881,1981,참드3,3,22,2000-10-05
5882,1981,참드4,4,22,2001-10-04
5883,1981,참드6,6,23,2003-09-28
5884,1981,참드7,7,22,2004-09-12
5885,1981,참드8,8,22,2005-09-25
5886,1981,참드2,2,22,1999-09-30
5887,1981,참드0,0,14,
5922,1996,The Flintstones1,1,28,1960-09-30
5923,1996,The Flintstones3,3,28,1962-09-14
5924,1996,The Flintstones5,5,26,1964-09-17
5925,1996,The Flintstones2,2,32,1961-09-15
5926,1996,The Flintstones4,4,26,1963-09-19
5927,1996,The Flintstones6,6,26,1965-09-17
5928,1996,The Flintstones0,0,43,1959-11-01
5944,2004,말콤네 좀 말려줘6,6,22,2004-11-07
5945,2004,말콤네 좀 말려줘4,4,22,2002-11-03
5946,2004,말콤네 좀 말려줘7,7,22,2005-09-30
5947,2004,말콤네 좀 말려줘2,2,25,2000-11-05
5948,2004,말콤네 좀 말려줘3,3,22,2001-11-11
5949,2004,말콤네 좀 말려줘5,5,22,2003-11-02
5950,2004,말콤네 좀 말려줘1,1,16,2000-01-09
5951,2004,말콤네 좀 말려줘0,0,10,2002-10-14
6031,2025,베버리힐스 902103,3,29,1992-07-15
6032,2025,베버리힐스 902101,1,22,1990-10-04
6033,2025,베버리힐스 902102,2,28,1991-07-11
6034,2025,베버리힐스 902104,4,31,1993-09-08
6035,2025,베버리힐스 902107,7,31,1996-08-21
6036,2025,베버리힐스 9021010,10,25,1999-09-08
6037,2025,베버리힐스 902108,8,30,1997-09-10
6038,2025,베버리힐스 902106,6,31,1995-09-13
6039,2025,베버리힐스 902109,9,26,1998-09-16
6040,2025,베버리힐스 902105,5,31,1994-09-07
6041,2025,베버리힐스 902100,0,21,1993-05-26
6523,2140,내 사랑 레이몬드1,1,22,1996-09-13
6524,2140,내 사랑 레이몬드2,2,25,1997-09-22
6525,2140,내 사랑 레이몬드4,4,24,1999-09-20
6526,2140,내 사랑 레이몬드3,3,26,1998-09-21
6527,2140,내 사랑 레이몬드5,5,25,2000-10-02
6528,2140,내 사랑 레이몬드7,7,25,2002-09-23
6529,2140,내 사랑 레이몬드6,6,24,2001-09-24
6530,2140,내 사랑 레이몬드8,8,23,2003-09-22
6531,2140,내 사랑 레이몬드9,9,16,2004-09-20
6532,2140,내 사랑 레이몬드0,0,7,2002-04-28
6544,2144,The Lucy Show6,6,24,1967-09-11
6545,2144,The Lucy Show2,2,28,1963-09-30
6546,2144,The Lucy Show5,5,22,1966-09-12
6547,2144,The Lucy Show1,1,30,1962-10-01
6548,2144,The Lucy Show4,4,26,1965-09-13
6549,2144,The Lucy Show3,3,26,1964-09-21
6705,2190,사우스 파크1,1,13,1997-08-13
6706,2190,사우스 파크2,2,18,1998-04-01
6707,2190,사우스 파크3,3,17,1999-04-07
6708,2190,사우스 파크4,4,17,2000-04-05
6709,2190,사우스 파크5,5,14,2001-06-20
6710,2190,사우스 파크6,6,17,2002-03-06
6711,2190,사우스 파크7,7,15,2003-03-19
6712,2190,사우스 파크8,8,14,2004-03-17
6713,2190,사우스 파크9,9,14,2005-03-09
6714,2190,사우스 파크10,10,14,2006-03-22
6715,2190,사우스 파크12,12,14,2008-03-12
6716,2190,사우스 파크13,13,14,2009-03-11
6717,2190,사우스 파크14,14,14,2010-03-17
6718,2190,사우스 파크0,0,33,1992-12-08
6719,2190,사우스 파크15,15,14,2011-04-27
6720,2190,사우스 파크16,16,14,2012-03-14
6721,2190,사우스 파크17,17,10,2013-09-25
6722,2190,사우스 파크11,11,14,2007-03-07
6902,1622,수퍼내추럴0,0,74,
6903,1622,수퍼내추럴9,9,23,2013-10-07
6904,1622,수퍼내추럴1,1,22,2005-09-13
6905,1622,수퍼내추럴2,2,22,2006-09-28
6906,1622,수퍼내추럴3,3,16,2007-10-03
6907,1622,수퍼내추럴4,4,22,2008-09-18
6908,1622,수퍼내추럴5,5,22,2009-09-10
6909,1622,수퍼내추럴6,6,22,2010-09-24
6910,1622,수퍼내추럴7,7,23,2011-09-22
6911,1622,수퍼내추럴8,8,23,2012-10-02
6968,121,닥터 후0,0,203,1991-08-26
6969,121,닥터 후1,1,42,1963-11-23
6970,121,닥터 후2,2,39,1964-10-30
6971,121,닥터 후3,3,45,1965-09-11
6972,121,닥터 후4,4,43,1966-09-10
6973,121,닥터 후5,5,40,1967-09-02
6974,121,닥터 후6,6,44,1968-08-10
6975,121,닥터 후7,7,25,1970-01-03
6976,121,닥터 후8,8,25,1971-01-02
6977,121,닥터 후9,9,26,1972-01-01
6978,121,닥터 후10,10,26,1972-12-30
6979,121,닥터 후11,11,26,1973-12-15
6980,121,닥터 후12,12,20,1974-12-28
6981,121,닥터 후13,13,26,1975-08-30
6982,121,닥터 후14,14,26,1976-09-04
6983,121,닥터 후15,15,26,1977-09-03
6984,121,닥터 후16,16,26,1978-09-02
6985,121,닥터 후17,17,20,1979-09-01
6986,121,닥터 후18,18,28,1980-08-30
6987,121,닥터 후19,19,26,1982-01-04
6988,121,닥터 후20,20,22,1983-01-03
6989,121,닥터 후21,21,24,1984-01-05
6990,121,닥터 후22,22,13,1985-01-05
6991,121,닥터 후24,24,14,1987-09-07
6992,121,닥터 후25,25,14,1988-10-05
6993,121,닥터 후26,26,14,1989-09-06
6994,121,닥터 후23,23,14,1986-09-06
7240,2316,오피스1,1,6,2005-03-24
7241,2316,오피스2,2,22,2005-09-20
7242,2316,오피스3,3,23,2006-09-21
7243,2316,오피스6,6,24,2009-09-16
7244,2316,오피스5,5,26,2008-09-24
7245,2316,오피스4,4,14,2007-09-27
7246,2316,오피스0,0,91,2006-07-13
7247,2316,오피스7,7,24,2010-09-22
7248,2316,오피스8,8,24,2011-09-22
7249,2316,오피스9,9,23,2012-09-19
7272,2327,도슨의 청춘일기1,1,13,1998-01-20
7273,2327,도슨의 청춘일기2,2,22,1998-10-07
7274,2327,도슨의 청춘일기3,3,23,1999-09-29
7275,2327,도슨의 청춘일기4,4,23,2000-10-04
7276,2327,도슨의 청춘일기5,5,23,2001-10-10
7277,2327,도슨의 청춘일기6,6,24,2002-10-02
7393,2370,헬'S 키친1,1,11,2005-05-30
7394,2370,헬'S 키친2,2,11,2006-06-12
7395,2370,헬'S 키친3,3,11,2007-06-04
7396,2370,헬'S 키친4,4,15,2008-04-01
7397,2370,헬'S 키친5,5,15,2009-01-29
7398,2370,헬'S 키친6,6,15,2009-07-21
7399,2370,헬'S 키친7,7,15,2010-06-01
7400,2370,헬'S 키친8,8,15,2010-09-22
7401,2370,헬'S 키친9,9,16,2011-07-18
7402,2370,헬'S 키친10,10,20,2012-06-04
7403,2370,헬'S 키친11,11,22,2013-03-12
7852,2473,The Avengers5,5,24,1967-01-14
7853,2473,The Avengers4,4,26,1965-10-02
7854,2473,The Avengers3,3,26,1963-09-28
7855,2473,The Avengers1,1,26,1961-01-07
7856,2473,The Avengers2,2,26,1962-09-29
7857,2473,The Avengers6,6,33,1968-09-25
7858,2473,The Avengers0,0,7,
8310,2593,FBI 실종수사대1,1,23,2002-09-26
8311,2593,FBI 실종수사대2,2,24,2003-09-25
8312,2593,FBI 실종수사대3,3,23,2004-09-23
8313,2593,FBI 실종수사대4,4,24,2005-09-29
8314,2593,FBI 실종수사대5,5,24,2006-09-24
8315,2593,FBI 실종수사대6,6,18,2007-09-27
8316,2593,FBI 실종수사대7,7,24,2008-09-23
8317,2593,FBI 실종수사대0,0,2,
8521,2637,Come Dine with Me0,0,10,2011-11-01
8522,2637,Come Dine with Me1,1,20,2005-01-10
8523,2637,Come Dine with Me2,2,45,2005-09-12
8524,2637,Come Dine with Me3,3,70,2006-07-24
8525,2637,Come Dine with Me4,4,12,
8526,2637,Come Dine with Me5,5,15,2008-08-25
8527,2637,Come Dine with Me6,6,21,2008-04-10
8528,2637,Come Dine with Me7,7,50,2009-01-19
8529,2637,Come Dine with Me8,8,88,2008-12-22
8530,2637,Come Dine with Me9,9,46,2009-05-25
8531,2637,Come Dine with Me10,10,19,2009-02-15
8532,2637,Come Dine with Me14,14,53,2010-01-31
8533,2637,Come Dine with Me13,13,23,2010-08-30
8534,2637,Come Dine with Me15,15,63,2011-01-17
8535,2637,Come Dine with Me11,11,17,2009-09-20
8536,2637,Come Dine with Me12,12,44,2009-08-07
8537,2637,Come Dine with Me16,16,1,2009-12-22
8538,2637,Come Dine with Me17,17,0,2010-06-09
8539,2637,Come Dine with Me18,18,1,2010-06-08
8540,2637,Come Dine with Me19,19,1,2010-05-06
8541,2637,Come Dine with Me20,20,16,2010-05-23
8542,2637,Come Dine with Me21,21,24,2010-10-04
8543,2637,Come Dine with Me22,22,120,2011-01-17
8544,2637,Come Dine with Me23,23,1,2011-04-29
8545,2637,Come Dine with Me24,24,32,2011-07-15
8546,2637,Come Dine with Me25,25,210,2011-12-12
8547,2637,Come Dine with Me26,26,49,2012-02-24
8548,2637,Come Dine with Me27,27,1,2012-06-06
8549,2637,Come Dine with Me28,28,52,2012-10-15
8550,2637,Come Dine with Me29,29,40,2013-02-22
8551,2637,Come Dine with Me30,30,138,2013-03-04
8702,2691,두 남자와 1/21,1,24,2003-09-22
8703,2691,두 남자와 1/22,2,24,2004-09-19
8704,2691,두 남자와 1/23,3,24,2005-09-19
8705,2691,두 남자와 1/24,4,24,2006-09-18
8706,2691,두 남자와 1/25,5,19,2007-09-24
8707,2691,두 남자와 1/26,6,24,2008-09-22
8708,2691,두 남자와 1/27,7,22,2009-09-21
8709,2691,두 남자와 1/28,8,16,2010-09-20
8710,2691,두 남자와 1/29,9,24,2011-09-19
8711,2691,두 남자와 1/20,0,41,
8712,2691,두 남자와 1/210,10,23,2012-09-27
8713,2691,두 남자와 1/211,11,22,2013-09-26
8789,2710,필라델피아는 언제나 맑음1,1,7,2005-08-04
8790,2710,필라델피아는 언제나 맑음2,2,10,2006-06-29
8791,2710,필라델피아는 언제나 맑음3,3,15,2007-09-13
8792,2710,필라델피아는 언제나 맑음4,4,13,2008-09-18
8793,2710,필라델피아는 언제나 맑음5,5,12,2009-09-17
8794,2710,필라델피아는 언제나 맑음6,6,13,2010-09-16
8795,2710,필라델피아는 언제나 맑음0,0,67,2007-09-04
8796,2710,필라델피아는 언제나 맑음7,7,13,2011-09-15
8797,2710,필라델피아는 언제나 맑음8,8,10,2012-10-11
8798,2710,필라델피아는 언제나 맑음9,9,10,2013-09-04
8863,2730,I Love Lucy4,4,30,1954-10-04
8864,2730,I Love Lucy6,6,27,1956-10-01
8865,2730,I Love Lucy5,5,26,1955-10-03
8866,2730,I Love Lucy3,3,31,1953-10-05
8867,2730,I Love Lucy1,1,35,1951-10-15
8868,2730,I Love Lucy2,2,31,1952-09-15
8869,2730,I Love Lucy0,0,18,1990-04-30
8876,2734,로 앤 오더: 성범죄 전담반3,3,23,2001-09-28
8877,2734,로 앤 오더: 성범죄 전담반2,2,21,2000-10-20
8878,2734,로 앤 오더: 성범죄 전담반1,1,22,1999-09-20
8879,2734,로 앤 오더: 성범죄 전담반8,8,22,2006-09-18
8880,2734,로 앤 오더: 성범죄 전담반6,6,23,2004-09-21
8881,2734,로 앤 오더: 성범죄 전담반5,5,25,2003-09-23
8882,2734,로 앤 오더: 성범죄 전담반9,9,19,2007-09-25
8883,2734,로 앤 오더: 성범죄 전담반10,10,22,2008-09-22
8884,2734,로 앤 오더: 성범죄 전담반7,7,22,2005-09-20
8885,2734,로 앤 오더: 성범죄 전담반4,4,25,2002-09-27
8886,2734,로 앤 오더: 성범죄 전담반11,11,24,2009-09-23
8887,2734,로 앤 오더: 성범죄 전담반12,12,24,2010-09-21
8888,2734,로 앤 오더: 성범죄 전담반0,0,6,
8889,2734,로 앤 오더: 성범죄 전담반13,13,23,2011-09-21
8890,2734,로 앤 오더: 성범죄 전담반14,14,24,2012-09-26
8891,2734,로 앤 오더: 성범죄 전담반15,15,24,2013-09-25
9103,2808,Totally Spies!1,1,26,2001-11-03
9104,2808,Totally Spies!2,2,26,2003-08-08
9105,2808,Totally Spies!3,3,26,2004-10-03
9106,2808,Totally Spies!4,4,26,2006-04-03
9107,2808,Totally Spies!5,5,26,2010-04-26
9109,2808,Totally Spies!6,6,26,2013-09-04
9271,2875,맥가이버4,4,19,1988-10-31
9272,2875,맥가이버3,3,20,1987-09-21
9273,2875,맥가이버1,1,22,1985-09-29
9274,2875,맥가이버2,2,22,1986-09-22
9275,2875,맥가이버7,7,14,1991-09-16
9276,2875,맥가이버6,6,21,1990-09-17
9277,2875,맥가이버5,5,21,1989-09-18
9278,2875,맥가이버0,0,5,1994-05-14
9479,2942,튜더스2,2,10,2008-03-30
9480,2942,튜더스1,1,10,2007-04-01
9481,2942,튜더스3,3,8,2009-04-05
9482,2942,튜더스4,4,10,2010-04-11
9591,2985,안드로메다3,3,22,2002-09-21
9592,2985,안드로메다1,1,22,2000-10-02
9593,2985,안드로메다2,2,22,2001-10-01
9594,2985,안드로메다5,5,22,2004-09-24
9595,2985,안드로메다4,4,22,2003-09-29
9976,3172,프라이빗 프랙티스1,1,9,2007-09-26
9977,3172,프라이빗 프랙티스2,2,22,2008-10-01
9978,3172,프라이빗 프랙티스3,3,23,2009-10-01
9979,3172,프라이빗 프랙티스4,4,22,2010-09-23
9980,3172,프라이빗 프랙티스0,0,3,2007-09-19
9981,3172,프라이빗 프랙티스5,5,22,2011-09-29
9982,3172,프라이빗 프랙티스6,6,13,2012-09-25
11236,3750,닙턱1,1,13,2003-07-22
11237,3750,닙턱2,2,16,2004-06-22
11238,3750,닙턱3,3,15,2005-09-20
11239,3750,닙턱4,4,15,2006-09-05
11240,3750,닙턱5,5,22,2007-11-01
11241,3750,닙턱6,6,10,2009-10-14
11242,3750,닙턱7,7,9,2010-01-06
11243,3750,닙턱0,0,16,2004-06-15
11868,4014,The Flying Doctors1,1,26,1986-05-15
11869,4014,The Flying Doctors2,2,24,1987-07-07
11870,4014,The Flying Doctors3,3,26,1988-03-03
11871,4014,The Flying Doctors4,4,24,1988-09-08
11872,4014,The Flying Doctors5,5,26,1989-08-31
11873,4014,The Flying Doctors6,6,20,1990-03-01
11874,4014,The Flying Doctors7,7,20,1990-07-18
11875,4014,The Flying Doctors0,0,3,1985-03-12
11876,4014,The Flying Doctors9,9,29,1991-08-08
11877,4014,The Flying Doctors8,8,26,1991-01-24
11880,4018,Quantum Leap3,3,22,1990-09-28
11881,4018,Quantum Leap5,5,22,1992-09-22
11882,4018,Quantum Leap4,4,22,1991-09-18
11883,4018,Quantum Leap2,2,22,1989-09-20
11884,4018,Quantum Leap1,1,9,1989-03-26
12078,4087,엑스 파일1,1,24,1993-09-10
12079,4087,엑스 파일2,2,25,1994-09-16
12080,4087,엑스 파일3,3,24,1995-09-22
12081,4087,엑스 파일4,4,24,1996-10-04
12082,4087,엑스 파일5,5,20,1997-11-02
12083,4087,엑스 파일6,6,22,1998-11-08
12084,4087,엑스 파일7,7,22,1999-11-07
12085,4087,엑스 파일8,8,21,2000-11-05
12086,4087,엑스 파일9,9,20,2001-11-11
12087,4087,엑스 파일0,0,115,1998-02-01
12238,4177,Perry Mason5,5,30,1961-09-02
12239,4177,Perry Mason1,1,39,1957-09-21
12240,4177,Perry Mason6,6,28,1962-09-27
12241,4177,Perry Mason4,4,28,1960-09-17
12242,4177,Perry Mason2,2,30,1958-09-20
12243,4177,Perry Mason3,3,26,1959-10-03
12244,4177,Perry Mason7,7,30,1963-09-26
12245,4177,Perry Mason8,8,30,1964-09-24
12246,4177,Perry Mason9,9,30,1965-09-12
12247,4177,Perry Mason0,0,40,1985-02-23
12376,4229,Dexter's Laboratory3,3,37,2001-11-16
12377,4229,Dexter's Laboratory1,1,38,1996-04-28
12378,4229,Dexter's Laboratory4,4,38,2002-11-22
12379,4229,Dexter's Laboratory2,2,108,1997-07-16
12380,4229,Dexter's Laboratory0,0,9,1995-02-26
12440,4239,Married... with Children0,0,16,1986-12-12
12441,4239,Married... with Children1,1,13,1987-04-05
12442,4239,Married... with Children2,2,22,1987-09-27
12443,4239,Married... with Children3,3,21,1988-11-06
12444,4239,Married... with Children4,4,23,1989-09-03
12445,4239,Married... with Children5,5,25,1990-09-23
12446,4239,Married... with Children6,6,26,1991-09-08
12447,4239,Married... with Children7,7,26,1992-09-13
12448,4239,Married... with Children8,8,26,1993-09-05
12449,4239,Married... with Children9,9,26,1994-09-04
12450,4239,Married... with Children10,10,26,1995-09-17
12451,4239,Married... with Children11,11,24,1996-09-28
12716,4313,풀 하우스7,7,24,1993-09-14
12717,4313,풀 하우스4,4,26,1990-09-21
12718,4313,풀 하우스1,1,22,1987-09-22
12719,4313,풀 하우스8,8,24,1994-09-27
12720,4313,풀 하우스5,5,26,1991-09-17
12721,4313,풀 하우스2,2,22,1988-10-14
12722,4313,풀 하우스6,6,24,1992-09-22
12723,4313,풀 하우스3,3,24,1989-09-22
12724,4313,풀 하우스0,0,7,
12887,4357,Mission: Impossible7,7,22,1972-09-16
12888,4357,Mission: Impossible5,5,23,1970-09-19
12889,4357,Mission: Impossible2,2,25,1967-09-10
12890,4357,Mission: Impossible1,1,28,1966-09-17
12891,4357,Mission: Impossible6,6,22,1971-09-18
12892,4357,Mission: Impossible3,3,25,1968-09-29
12893,4357,Mission: Impossible4,4,26,1969-09-28
12943,4376,JAG4,4,24,1998-09-22
12944,4376,JAG6,6,24,2000-10-03
12945,4376,JAG3,3,24,1997-09-23
12946,4376,JAG1,1,22,1995-09-23
12947,4376,JAG2,2,15,1997-01-03
12948,4376,JAG5,5,25,1999-09-21
12949,4376,JAG8,8,24,2002-09-24
12950,4376,JAG9,9,23,2003-09-26
12951,4376,JAG10,10,22,2004-09-24
12952,4376,JAG7,7,24,2001-09-25
12953,4376,JAG0,0,17,2006-07-09
13082,4397,V.I.P.3,3,22,2000-10-07
13083,4397,V.I.P.2,2,22,1999-09-25
13084,4397,V.I.P.1,1,22,1998-09-26
13085,4397,V.I.P.4,4,22,2001-09-22
13169,4414,Highlander: The Series1,1,22,1992-10-03
13170,4414,Highlander: The Series2,2,22,1993-10-02
13171,4414,Highlander: The Series3,3,22,1994-10-01
13172,4414,Highlander: The Series4,4,20,1995-10-01
13173,4414,Highlander: The Series5,5,20,1996-09-23
13174,4414,Highlander: The Series6,6,13,1997-10-04
13430,4482,Bewitched1,1,36,1964-09-17
13431,4482,Bewitched4,4,33,1967-09-07
13432,4482,Bewitched3,3,33,1966-09-15
13433,4482,Bewitched2,2,38,1965-09-16
13434,4482,Bewitched7,7,28,1970-09-24
13435,4482,Bewitched6,6,30,1969-09-18
13436,4482,Bewitched5,5,30,1968-09-26
13437,4482,Bewitched8,8,26,1971-09-15
13714,4546,커브 유어 엔수지애즘5,5,10,2005-09-25
13715,4546,커브 유어 엔수지애즘2,2,10,2001-09-23
13716,4546,커브 유어 엔수지애즘1,1,10,2000-10-15
13717,4546,커브 유어 엔수지애즘4,4,10,2004-01-04
13718,4546,커브 유어 엔수지애즘6,6,10,2007-09-09
13719,4546,커브 유어 엔수지애즘3,3,10,2002-09-15
13720,4546,커브 유어 엔수지애즘7,7,10,2009-09-20
13721,4546,커브 유어 엔수지애즘0,0,41,1999-12-01
13722,4546,커브 유어 엔수지애즘8,8,10,2011-07-10
13775,4556,스크럽스1,1,24,2001-10-02
13776,4556,스크럽스2,2,22,2002-09-26
13777,4556,스크럽스3,3,22,2003-10-02
13778,4556,스크럽스4,4,25,2004-08-31
13779,4556,스크럽스5,5,24,2006-01-03
13780,4556,스크럽스6,6,22,2006-11-30
13781,4556,스크럽스7,7,11,2007-10-25
13782,4556,스크럽스8,8,18,2009-01-06
13783,4556,스크럽스9,9,13,2009-12-01
13784,4556,스크럽스0,0,1,2003-04-23
13996,4601,로 앤 오더: 크리미널 인텐트10,10,8,2011-05-01
13997,4601,로 앤 오더: 크리미널 인텐트1,1,22,2001-09-29
13998,4601,로 앤 오더: 크리미널 인텐트2,2,23,2002-09-29
13999,4601,로 앤 오더: 크리미널 인텐트3,3,21,2003-09-27
14000,4601,로 앤 오더: 크리미널 인텐트4,4,23,2004-09-26
14001,4601,로 앤 오더: 크리미널 인텐트5,5,22,2005-09-25
14002,4601,로 앤 오더: 크리미널 인텐트6,6,22,2006-09-19
14003,4601,로 앤 오더: 크리미널 인텐트7,7,22,2007-10-03
14004,4601,로 앤 오더: 크리미널 인텐트8,8,16,2009-04-19
14005,4601,로 앤 오더: 크리미널 인텐트9,9,16,2010-03-30
14006,4601,로 앤 오더: 크리미널 인텐트0,0,2,
14018,4604,스몰빌1,1,21,2001-10-16
14019,4604,스몰빌2,2,23,2002-09-24
14020,4604,스몰빌3,3,22,2003-10-01
14021,4604,스몰빌4,4,22,2004-09-22
14022,4604,스몰빌5,5,22,2005-09-29
14023,4604,스몰빌6,6,22,2006-09-28
14024,4604,스몰빌7,7,20,2007-09-27
14025,4604,스몰빌8,8,22,2008-09-18
14026,4604,스몰빌9,9,21,2009-09-25
14027,4604,스몰빌10,10,21,2010-09-24
14028,4604,스몰빌0,0,38,
14092,4616,Xena: Warrior Princess5,5,22,1999-09-27
14093,4616,Xena: Warrior Princess1,1,24,1995-09-04
14094,4616,Xena: Warrior Princess6,6,22,2000-10-02
14095,4616,Xena: Warrior Princess4,4,22,1998-09-28
14096,4616,Xena: Warrior Princess3,3,22,1997-09-29
14097,4616,Xena: Warrior Princess2,2,22,1996-09-30
14098,4616,Xena: Warrior Princess0,0,57,1995-03-26
14105,4620,유레카1,1,12,2006-07-18
14106,4620,유레카2,2,13,2007-07-10
14107,4620,유레카3,3,18,2008-07-29
14108,4620,유레카4,4,21,2010-07-09
14109,4620,유레카5,5,13,2012-04-16
14110,4620,유레카0,0,11,
14141,4629,스타게이트 SG-12,2,22,1998-06-26
14142,4629,스타게이트 SG-13,3,22,1999-06-25
14143,4629,스타게이트 SG-14,4,22,2000-06-30
14144,4629,스타게이트 SG-15,5,22,2001-06-29
14145,4629,스타게이트 SG-16,6,22,2002-06-07
14146,4629,스타게이트 SG-17,7,22,2003-06-13
14147,4629,스타게이트 SG-18,8,20,2004-07-09
14148,4629,스타게이트 SG-19,9,20,2005-07-15
14149,4629,스타게이트 SG-110,10,20,2006-07-14
14150,4629,스타게이트 SG-10,0,7,2004-07-05
14151,4629,스타게이트 SG-11,1,22,1997-07-27
14152,4630,티미의 못말리는 수호천사9,9,43,2013-03-23
14153,4630,티미의 못말리는 수호천사6,6,18,2008-03-10
14154,4630,티미의 못말리는 수호천사0,0,16,2001-12-12
14155,4630,티미의 못말리는 수호천사1,1,12,2001-03-30
14156,4630,티미의 못말리는 수호천사2,2,29,2002-03-01
14157,4630,티미의 못말리는 수호천사3,3,29,2003-01-20
14158,4630,티미의 못말리는 수호천사4,4,21,2004-02-16
14159,4630,티미의 못말리는 수호천사5,5,34,2005-02-14
14160,4630,티미의 못말리는 수호천사7,7,27,2009-07-06
14161,4630,티미의 못말리는 수호천사8,8,18,2011-02-12
14234,4660,Adam-121,1,26,1968-09-21
14235,4660,Adam-124,4,24,1971-09-15
14236,4660,Adam-123,3,26,1970-09-19
14237,4660,Adam-126,6,24,1973-09-12
14238,4660,Adam-125,5,24,1972-09-13
14239,4660,Adam-122,2,26,1969-09-20
14240,4660,Adam-127,7,24,1974-09-24
15976,5920,멘탈리스트0,0,2,2009-08-20
15977,5920,멘탈리스트1,1,23,2008-09-23
15978,5920,멘탈리스트2,2,23,2009-09-24
15979,5920,멘탈리스트3,3,24,2010-09-23
15980,5920,멘탈리스트4,4,24,2011-09-22
15981,5920,멘탈리스트5,5,22,2012-09-30
15982,5920,멘탈리스트6,6,22,2013-09-29
18411,8514,루폴의 드래그 레이스1,1,9,2009-02-02
18412,8514,루폴의 드래그 레이스2,2,12,2010-02-01
18413,8514,루폴의 드래그 레이스3,3,16,2011-01-24
18414,8514,루폴의 드래그 레이스4,4,14,2012-01-30
18415,8514,루폴의 드래그 레이스5,5,14,2013-01-28
18416,8514,루폴의 드래그 레이스0,0,38,2011-11-13
20026,10083,The Fugitive1,1,30,1963-09-17
20027,10083,The Fugitive2,2,30,1964-09-15
20028,10083,The Fugitive3,3,30,1965-09-14
20029,10083,The Fugitive4,4,30,1966-09-13
20030,10083,The Fugitive0,0,14,
20777,10545,트루 블러드1,1,12,2008-09-07
20778,10545,트루 블러드2,2,12,2009-06-14
20779,10545,트루 블러드3,3,12,2010-06-13
20780,10545,트루 블러드4,4,12,2011-06-26
20781,10545,트루 블러드5,5,12,2012-06-10
20782,10545,트루 블러드0,0,17,2008-06-16
20783,10545,트루 블러드6,6,10,2013-06-16
20784,10545,트루 블러드7,7,10,2014-06-22
23245,12433,Ein Fall für zwei28,28,7,2008-04-04
23246,12433,Ein Fall für zwei1,1,5,1981-09-11
23247,12433,Ein Fall für zwei2,2,8,1982-01-29
23248,12433,Ein Fall für zwei3,3,7,1983-01-28
23249,12433,Ein Fall für zwei4,4,10,1984-01-27
23250,12433,Ein Fall für zwei5,5,7,1985-01-25
23251,12433,Ein Fall für zwei6,6,9,1986-02-14
23252,12433,Ein Fall für zwei7,7,9,1987-01-23
23253,12433,Ein Fall für zwei8,8,9,1988-01-29
23254,12433,Ein Fall für zwei9,9,9,1989-02-17
23255,12433,Ein Fall für zwei10,10,10,1990-01-26
23256,12433,Ein Fall für zwei11,11,10,1991-01-25
23257,12433,Ein Fall für zwei12,12,10,1992-01-03
23258,12433,Ein Fall für zwei13,13,10,1993-01-08
23259,12433,Ein Fall für zwei14,14,10,1994-01-28
23260,12433,Ein Fall für zwei15,15,10,1995-01-27
23261,12433,Ein Fall für zwei16,16,10,1996-01-26
23262,12433,Ein Fall für zwei17,17,10,1997-01-24
23263,12433,Ein Fall für zwei18,18,11,1998-01-02
23264,12433,Ein Fall für zwei19,19,9,1999-02-05
23265,12433,Ein Fall für zwei20,20,9,2000-02-04
23266,12433,Ein Fall für zwei21,21,11,2001-01-05
23267,12433,Ein Fall für zwei22,22,7,2002-02-01
23268,12433,Ein Fall für zwei23,23,9,2003-01-10
23269,12433,Ein Fall für zwei24,24,11,2004-01-02
23270,12433,Ein Fall für zwei25,25,12,2005-01-07
23271,12433,Ein Fall für zwei26,26,10,2006-01-06
23272,12433,Ein Fall für zwei27,27,10,2007-01-26
23273,12433,Ein Fall für zwei29,29,12,2009-02-06
23274,12433,Ein Fall für zwei30,30,6,2010-04-14
23275,12433,Ein Fall für zwei31,31,7,2011-01-07
26462,14929,하트랜드1,1,13,2007-10-14
26463,14929,하트랜드2,2,18,2008-10-05
26464,14929,하트랜드3,3,18,2009-10-04
26465,14929,하트랜드4,4,18,2010-09-26
26466,14929,하트랜드0,0,1,2010-12-12
26467,14929,하트랜드5,5,18,2011-09-18
26468,14929,하트랜드6,6,18,2012-09-16
26469,14929,하트랜드7,7,18,2013-10-06
28487,17610,NCIS: 로스앤젤레스1,1,24,2009-09-22
28488,17610,NCIS: 로스앤젤레스2,2,24,2010-09-21
28490,17610,NCIS: 로스앤젤레스3,3,24,2011-09-20
28491,17610,NCIS: 로스앤젤레스4,4,24,2012-09-25
28492,17610,NCIS: 로스앤젤레스5,5,24,2013-09-24
28665,17937,Ghost Adventures2,2,8,2009-06-05
28666,17937,Ghost Adventures1,1,8,2008-10-17
28667,17937,Ghost Adventures3,3,9,2009-11-06
28668,17937,Ghost Adventures4,4,26,2010-09-17
28669,17937,Ghost Adventures0,0,22,2009-10-30
28670,17937,Ghost Adventures5,5,10,2011-09-23
28671,17937,Ghost Adventures6,6,9,2012-03-09
28672,17937,Ghost Adventures7,7,30,2012-09-14
28673,17937,Ghost Adventures8,8,11,2013-08-16
28881,18165,뱀파이어 다이어리0,0,5,2009-08-25
28882,18165,뱀파이어 다이어리1,1,22,2009-09-10
28883,18165,뱀파이어 다이어리2,2,22,2010-09-09
28884,18165,뱀파이어 다이어리3,3,22,2011-09-15
28885,18165,뱀파이어 다이어리4,4,23,2012-10-11
28886,18165,뱀파이어 다이어리5,5,22,2013-10-03
42567,30984,블리치1,1,366,2004-10-05
42575,30984,블리치0,0,4,2004-12-18
42808,31251,빅토리어스0,0,9,2011-11-27
42809,31251,빅토리어스1,1,19,2010-03-27
42810,31251,빅토리어스2,2,13,2011-04-02
42811,31251,빅토리어스3,3,12,2012-01-28
42812,31251,빅토리어스4,4,13,2012-09-22
43392,31917,프리티 리틀 라이어스1,1,22,2010-06-08
43393,31917,프리티 리틀 라이어스2,2,25,2011-06-14
43394,31917,프리티 리틀 라이어스3,3,24,2012-06-05
43395,31917,프리티 리틀 라이어스0,0,11,2012-08-28
43396,31917,프리티 리틀 라이어스4,4,24,2013-06-11
43878,32608,고대의 외계인1,1,5,2010-04-20
43879,32608,고대의 외계인2,2,10,2010-10-28
43880,32608,고대의 외계인0,0,10,2009-03-08
43881,32608,고대의 외계인4,4,10,2012-02-17
43882,32608,고대의 외계인3,3,16,2011-07-28
43883,32608,고대의 외계인5,5,12,2012-12-21
43884,32608,고대의 외계인6,6,11,2013-09-30
43962,32692,블루 블러드1,1,22,2010-09-24
43963,32692,블루 블러드2,2,22,2011-09-23
43964,32692,블루 블러드3,3,23,2012-09-28
43966,32692,블루 블러드4,4,22,2013-09-27
44000,32726,밥스 버거스1,1,13,2011-01-09
44001,32726,밥스 버거스2,2,9,2012-03-11
44002,32726,밥스 버거스3,3,23,2012-09-30
44003,32726,밥스 버거스0,0,4,2012-04-17
44004,32726,밥스 버거스4,4,22,2013-09-29
44050,32798,하와이 파이브 오1,1,24,2010-09-20
44051,32798,하와이 파이브 오0,0,11,
44052,32798,하와이 파이브 오3,3,24,2012-09-24
44053,32798,하와이 파이브 오2,2,23,2011-09-19
44054,32798,하와이 파이브 오4,4,22,2013-09-27
44425,33238,런닝맨1,1,706,2010-07-11
45137,34307,쉐임리스1,1,12,2011-01-09
45138,34307,쉐임리스2,2,12,2012-01-08
45139,34307,쉐임리스0,0,39,2010-12-12
45140,34307,쉐임리스3,3,12,2013-01-13
45141,34307,쉐임리스4,4,12,2014-01-12
47290,36361,Ulice1,1,214,2005-09-05
47291,36361,Ulice2,2,215,2006-09-01
47292,36361,Ulice3,3,214,2007-09-03
48188,37030,Im Namen des Gesetzes2,2,22,1996-03-19
48189,37030,Im Namen des Gesetzes3,3,16,1998-02-26
48190,37030,Im Namen des Gesetzes5,5,16,1999-09-21
48191,37030,Im Namen des Gesetzes6,6,20,2000-10-10
48192,37030,Im Namen des Gesetzes8,8,16,2003-09-09
48193,37030,Im Namen des Gesetzes9,9,16,2005-01-04
48194,37030,Im Namen des Gesetzes10,10,14,2005-06-26
48195,37030,Im Namen des Gesetzes12,12,11,2008-05-08
48196,37030,Im Namen des Gesetzes1,1,13,1994-09-13
48197,37030,Im Namen des Gesetzes4,4,17,1998-11-03
48198,37030,Im Namen des Gesetzes7,7,17,2002-02-12
48199,37030,Im Namen des Gesetzes11,11,16,2006-12-04
48976,37606,검볼1,1,36,2011-05-03
48977,37606,검볼2,2,40,2012-08-07
48978,37606,검볼0,0,28,2008-05-09
48993,37632,스위치드 앳 버스1,1,30,2011-06-06
48994,37632,스위치드 앳 버스2,2,21,2013-01-07
48995,37632,스위치드 앳 버스0,0,0,
49920,38409,루폴의 드래그 레이스: 꺼내봐!1,1,10,2010-02-01
49921,38409,루폴의 드래그 레이스: 꺼내봐!2,2,13,2011-01-24
49923,38409,루폴의 드래그 레이스: 꺼내봐!3,3,11,2012-01-30
50276,38693,레고 닌자고1,1,13,2012-01-11
50277,38693,레고 닌자고2,2,13,2012-07-18
50278,38693,레고 닌자고3,3,8,2014-01-29
50279,38693,레고 닌자고0,0,87,2011-01-13
50700,39272,원스 어폰 어 타임1,1,22,2011-10-23
50701,39272,원스 어폰 어 타임2,2,22,2012-09-30
50702,39272,원스 어폰 어 타임3,3,22,2013-09-29
50703,39272,원스 어폰 어 타임0,0,9,2012-09-29
50709,39279,하트 오브 딕시1,1,22,2011-09-26
50710,39279,하트 오브 딕시2,2,22,2012-10-02
50712,39279,하트 오브 딕시3,3,22,2013-10-07
50757,39340,투 브로크 걸스1,1,24,2011-09-19
50759,39340,투 브로크 걸스2,2,24,2012-09-24
50760,39340,투 브로크 걸스3,3,24,2013-09-23
51042,39793,Call the Midwife1,1,6,2012-01-15
51043,39793,Call the Midwife0,0,14,2012-12-25
51044,39793,Call the Midwife2,2,8,2013-01-20
51045,39793,Call the Midwife3,3,8,2014-01-19
51696,41149,Die Rosenheim-Cops1,1,12,2002-01-09
51697,41149,Die Rosenheim-Cops2,2,15,2003-02-25
51698,41149,Die Rosenheim-Cops3,3,7,2004-04-27
51699,41149,Die Rosenheim-Cops4,4,20,2005-04-05
51700,41149,Die Rosenheim-Cops5,5,22,2005-11-29
51701,41149,Die Rosenheim-Cops6,6,20,2006-10-24
51702,41149,Die Rosenheim-Cops7,7,30,2007-09-18
51703,41149,Die Rosenheim-Cops8,8,28,2008-10-07
51704,41149,Die Rosenheim-Cops9,9,30,2009-09-08
51705,41149,Die Rosenheim-Cops10,10,28,2010-10-19
51706,41149,Die Rosenheim-Cops11,11,30,2011-09-13
51707,41149,Die Rosenheim-Cops12,12,24,2012-10-02
51708,41149,Die Rosenheim-Cops13,13,26,2013-09-24
51878,41727,밴쉬1,1,10,2013-01-11
51879,41727,밴쉬2,2,10,2014-01-10
52564,43097,Saving Hope1,1,13,2012-06-07
52565,43097,Saving Hope2,2,18,2013-06-25
53207,44006,시카고 파이어1,1,24,2012-10-10
53209,44006,시카고 파이어2,2,22,2013-09-24
54288,45854,유희왕 ZEXAL1,1,146,2011-04-11
54602,46296,스파르타쿠스1,1,13,2010-01-22
54603,46296,스파르타쿠스2,2,10,2012-01-27
54604,46296,스파르타쿠스3,3,10,2013-01-25
54605,46296,스파르타쿠스0,0,6,2011-01-21
55057,46896,오리지널스0,0,28,
55058,46896,오리지널스1,1,22,2013-10-03
55215,48891,브루클린 나인-나인1,1,22,2013-09-17
55216,48891,브루클린 나인-나인0,0,55,2013-08-11
55232,49009,골드버그 패밀리1,1,23,2013-09-24
55233,49011,맘1,1,22,2013-09-23
58468,57243,닥터 후1,1,13,2005-03-26
58469,57243,닥터 후2,2,13,2006-04-15
58470,57243,닥터 후3,3,13,2007-04-01
58471,57243,닥터 후4,4,13,2008-04-05
58472,57243,닥터 후5,5,13,2010-04-03
58473,57243,닥터 후6,6,13,2011-04-23
58474,57243,닥터 후7,7,13,2012-09-01
58475,57243,닥터 후8,8,12,2014-08-23
58476,57243,닥터 후0,0,199,2005-11-18
59224,58841,시카고 PD1,1,15,2014-01-08
59465,95,버피와 뱀파이어1,1,12,1997-03-10
59466,95,버피와 뱀파이어2,2,22,1997-09-15
59467,95,버피와 뱀파이어3,3,22,1998-09-29
59468,95,버피와 뱀파이어4,4,22,1999-10-05
59469,95,버피와 뱀파이어5,5,22,2000-09-26
59470,95,버피와 뱀파이어6,6,22,2001-10-02
59471,95,버피와 뱀파이어7,7,22,2002-09-24
59472,95,버피와 뱀파이어0,0,43,
59499,1405,덱스터1,1,12,2006-10-01
59500,1405,덱스터2,2,12,2007-09-30
59502,1405,덱스터3,3,12,2008-09-28
59504,1405,덱스터4,4,12,2009-09-27
59506,1405,덱스터5,5,12,2010-09-26
59509,1405,덱스터6,6,12,2011-10-02
59510,1405,덱스터7,7,12,2012-09-30
59512,1405,덱스터8,8,12,2013-06-30
59533,1405,덱스터0,0,42,2009-10-25
59564,764,미드소머 머더스16,16,5,2013-12-24
59586,517,The Ultimate Fighter10,10,14,2009-09-16
59643,605,"Sabrina, the Teenage Witch1",1,24,1996-09-27
59644,605,"Sabrina, the Teenage Witch2",2,26,1997-09-26
59645,605,"Sabrina, the Teenage Witch3",3,25,1998-09-25
59646,605,"Sabrina, the Teenage Witch4",4,22,1999-09-24
59647,605,"Sabrina, the Teenage Witch5",5,22,2000-09-22
59648,605,"Sabrina, the Teenage Witch6",6,22,2001-10-05
59649,605,"Sabrina, the Teenage Witch7",7,22,2002-09-20
59653,1433,아메리칸 대드!6,6,18,2009-09-27
59659,790,아가사 크리스티 - 명탐정 포와로13,13,5,2013-06-09
59660,790,아가사 크리스티 - 명탐정 포와로12,12,4,2010-01-03
59661,790,아가사 크리스티 - 명탐정 포와로1,1,10,1989-01-08
59662,790,아가사 크리스티 - 명탐정 포와로11,11,4,2008-09-14
59663,790,아가사 크리스티 - 명탐정 포와로10,10,4,2006-01-01
59664,790,아가사 크리스티 - 명탐정 포와로9,9,4,2003-12-14
59665,790,아가사 크리스티 - 명탐정 포와로2,2,10,1990-01-07
59666,790,아가사 크리스티 - 명탐정 포와로3,3,10,1991-01-06
59667,790,아가사 크리스티 - 명탐정 포와로4,4,3,1992-01-05
59668,790,아가사 크리스티 - 명탐정 포와로5,5,8,1993-01-17
59669,790,아가사 크리스티 - 명탐정 포와로6,6,4,1994-12-25
59670,790,아가사 크리스티 - 명탐정 포와로7,7,2,2000-01-02
59671,790,아가사 크리스티 - 명탐정 포와로8,8,2,2001-04-20
59751,580,스타 트렉: 딥 스페이스 나인1,1,20,1993-01-03
59753,580,스타 트렉: 딥 스페이스 나인2,2,26,1993-09-26
59754,580,스타 트렉: 딥 스페이스 나인3,3,26,1994-09-26
59755,580,스타 트렉: 딥 스페이스 나인4,4,26,1995-10-02
59756,580,스타 트렉: 딥 스페이스 나인5,5,26,1996-09-30
59757,580,스타 트렉: 딥 스페이스 나인6,6,26,1997-09-29
59758,580,스타 트렉: 딥 스페이스 나인7,7,26,1998-09-30
59779,954,The Rockford Files1,1,22,1974-09-13
59929,60585,보슈1,1,10,2015-01-14
59954,1018,Bonanza1,1,32,1959-09-12
59955,1018,Bonanza2,2,34,1960-09-10
59956,1018,Bonanza3,3,34,1961-09-24
59957,1018,Bonanza4,4,34,1962-09-23
59958,1018,Bonanza5,5,34,1963-09-22
59959,1018,Bonanza6,6,34,1964-09-20
59960,1018,Bonanza7,7,33,1965-09-12
59961,1018,Bonanza8,8,34,1966-09-11
59962,1018,Bonanza9,9,34,1967-09-17
59963,1018,Bonanza10,10,30,1968-09-15
59964,1018,Bonanza11,11,28,1969-09-14
59965,1018,Bonanza12,12,28,1970-09-13
59966,1018,Bonanza13,13,26,1971-09-19
59967,1018,Bonanza14,14,16,1972-09-12
60059,60625,릭 앤 모티1,1,11,2013-12-02
60223,60059,베터 콜 사울1,1,10,2015-02-08
60249,105,섹스 앤 더 시티1,1,12,1998-06-06
60250,105,섹스 앤 더 시티2,2,18,1999-06-06
60251,105,섹스 앤 더 시티3,3,18,2000-06-04
60252,105,섹스 앤 더 시티4,4,18,2001-06-03
60253,105,섹스 앤 더 시티5,5,8,2002-07-21
60254,105,섹스 앤 더 시티6,6,20,2003-06-22
60256,1215,캘리포니케이션7,7,12,2014-04-13
60391,1402,워킹 데드5,5,16,2014-10-12
60418,54344,레프트오버1,1,10,2014-06-29
60523,60735,플래시1,1,23,2014-10-07
60580,17937,Ghost Adventures9,9,13,2014-02-15
60940,60866,아이 좀비1,1,13,2015-03-17
61066,31917,프리티 리틀 라이어스5,5,26,2014-06-10
61182,2370,헬'S 키친12,12,20,2014-03-13
61278,37632,스위치드 앳 버스3,3,22,2014-01-13
61343,60948,12 몽키즈1,1,13,2015-01-16
61423,54344,레프트오버0,0,4,2014-06-23
61625,49011,맘2,2,22,2014-10-30
62017,2691,두 남자와 1/212,12,16,2014-10-29
62018,1412,애로우3,3,23,2014-10-08
62019,18165,뱀파이어 다이어리6,6,22,2014-10-02
62021,1411,퍼슨 오브 인터레스트4,4,22,2014-09-23
62022,1403,에이전트 오브 쉴드2,2,22,2014-09-23
62023,1421,모던 패밀리6,6,24,2014-09-24
62025,1911,본즈10,10,22,2014-09-25
62049,44006,시카고 파이어3,3,23,2014-09-23
62050,58841,시카고 PD2,2,23,2014-09-24
62051,1416,그레이 아나토미11,11,24,2014-09-25
62053,1431,CSI: 라스베가스15,15,18,2014-09-28
62058,5920,멘탈리스트7,7,13,2014-11-30
62088,1622,수퍼내추럴10,10,23,2014-10-06
62090,1399,왕좌의 게임5,5,10,2015-04-12
62091,46896,오리지널스2,2,22,2014-10-05
62126,32608,고대의 외계인7,7,8,2014-01-24
62379,48891,브루클린 나인-나인2,2,23,2014-09-28
62470,1433,아메리칸 대드!11,11,3,2014-09-14
62526,1413,아메리칸 호러 스토리4,4,13,2014-10-08
62620,2370,헬'S 키친13,13,16,2014-09-10
62767,32692,블루 블러드5,5,22,2014-09-26
62784,2190,사우스 파크18,18,10,2014-09-24
62795,61387,NCIS: 뉴올리언스1,1,23,2014-09-23
62813,517,The Ultimate Fighter19,19,13,2014-04-16
62814,517,The Ultimate Fighter20,20,13,2014-09-10
62826,32798,하와이 파이브 오5,5,25,2014-09-26
62835,39272,원스 어폰 어 타임4,4,23,2014-09-28
62840,17610,NCIS: 로스앤젤레스6,6,24,2014-09-29
62866,14929,하트랜드8,8,18,2014-09-28
62869,1435,굿 와이프6,6,22,2014-09-21
62878,61418,제인 더 버진1,1,22,2014-10-13
62900,2734,로 앤 오더: 성범죄 전담반16,16,23,2014-09-24
62959,46923,셰틀랜드1,1,2,2013-03-10
62960,46923,셰틀랜드2,2,6,2014-03-11
62985,43097,Saving Hope3,3,18,2014-09-22
63042,39340,투 브로크 걸스4,4,22,2014-10-27
63174,1433,아메리칸 대드!12,12,15,2014-10-20
63197,14814,4차원 가족 카다시안 따라잡기3,3,12,2009-03-08
63198,14814,4차원 가족 카다시안 따라잡기4,4,11,2009-11-08
63199,14814,4차원 가족 카다시안 따라잡기5,5,12,2010-08-22
63200,14814,4차원 가족 카다시안 따라잡기6,6,16,2011-06-12
63201,14814,4차원 가족 카다시안 따라잡기7,7,19,2012-05-20
63202,14814,4차원 가족 카다시안 따라잡기8,8,21,2013-06-02
63203,14814,4차원 가족 카다시안 따라잡기9,9,20,2014-01-19
63204,14814,4차원 가족 카다시안 따라잡기1,1,8,2007-10-14
63205,14814,4차원 가족 카다시안 따라잡기2,2,11,2008-03-09
63333,32726,밥스 버거스5,5,21,2014-10-05
63405,41727,밴쉬3,3,10,2015-01-09
63466,34307,쉐임리스5,5,12,2015-01-11
63686,37632,스위치드 앳 버스4,4,20,2015-01-06
63689,37606,검볼3,3,40,2014-06-05
63758,39279,하트 오브 딕시4,4,10,2014-12-15
63898,49009,골드버그 패밀리2,2,24,2014-09-24
64031,39793,Call the Midwife4,4,8,2015-01-18
64156,799,셜록 홈즈1,1,7,1984-04-24
64157,799,셜록 홈즈2,2,6,1985-08-25
64158,799,셜록 홈즈3,3,7,1986-07-09
64159,799,셜록 홈즈4,4,6,1987-12-29
64160,799,셜록 홈즈5,5,6,1991-02-21
64161,799,셜록 홈즈6,6,3,1992-01-02
64162,799,셜록 홈즈7,7,6,1994-03-07
64188,57243,닥터 후9,9,12,2015-09-19
64453,61852,Henry Danger1,1,25,2014-07-26
64462,17937,Ghost Adventures10,10,11,2014-10-04
64539,2710,필라델피아는 언제나 맑음10,10,10,2015-01-14
64558,61889,마블 데어데블1,1,13,2015-04-10
64687,60948,12 몽키즈0,0,17,2015-01-15
64697,764,미드소머 머더스17,17,4,2015-01-28
64929,60059,베터 콜 사울0,0,6,2014-12-18
65126,38693,레고 닌자고4,4,10,2015-02-23
65178,8514,루폴의 드래그 레이스7,7,14,2015-03-02
65187,2370,헬'S 키친14,14,16,2015-03-03
65321,14814,4차원 가족 카다시안 따라잡기10,10,17,2015-03-15
65442,1424,오렌지 이즈 더 뉴 블랙3,3,13,2015-06-12
65692,62286,피어 더 워킹 데드1,1,6,2015-08-23
65711,1338,Alarm für Cobra 11 - Die Autobahnpolizei34,34,7,2013-10-24
65785,41149,Die Rosenheim-Cops14,14,27,2014-10-07
66084,1338,Alarm für Cobra 11 - Die Autobahnpolizei35,35,7,2014-03-27
66092,517,The Ultimate Fighter21,21,12,2015-04-22
66519,31917,프리티 리틀 라이어스6,6,20,2015-06-02
66615,62643,DC 레전드 오브 투모로우1,1,16,2016-01-21
66623,62649,슈퍼스토어1,1,11,2015-11-30
66734,62688,슈퍼걸1,1,20,2015-10-26
66738,60625,릭 앤 모티2,2,10,2015-07-26
66860,62710,블라인드스팟1,1,23,2015-09-21
66922,60735,플래시2,2,23,2015-10-06
67351,1338,Alarm für Cobra 11 - Die Autobahnpolizei36,36,7,2014-10-09
67352,1338,Alarm für Cobra 11 - Die Autobahnpolizei37,37,8,2015-03-12
67375,8590,Plus belle la vie11,11,260,2014-10-13
67626,12433,Ein Fall für zwei32,32,10,2012-04-20
67627,12433,Ein Fall für zwei33,33,6,2013-02-15
67715,14929,하트랜드9,9,18,2015-10-04
67989,1412,애로우4,4,23,2015-10-07
67991,18165,뱀파이어 다이어리7,7,22,2015-10-08
67993,46896,오리지널스3,3,22,2015-10-07
67994,60866,아이 좀비2,2,19,2015-10-06
68070,32726,밥스 버거스6,6,19,2015-09-27
68086,61418,제인 더 버진2,2,22,2015-10-12
68196,38693,레고 닌자고5,5,10,2015-06-29
68211,39272,원스 어폰 어 타임5,5,23,2015-09-27
68296,4087,엑스 파일10,10,6,2016-01-24
68416,1403,에이전트 오브 쉴드3,3,22,2015-09-29
68638,63247,웨스트월드1,1,10,2016-10-02
68804,1421,모던 패밀리7,7,22,2015-09-23
68814,1402,워킹 데드6,6,16,2015-10-11
68816,2734,로 앤 오더: 성범죄 전담반17,17,23,2015-09-23
68855,37606,검볼4,4,40,2015-07-07
68931,32608,고대의 외계인8,8,8,2014-06-13
69171,54344,레프트오버2,2,10,2015-10-04
69185,32692,블루 블러드6,6,22,2015-09-25
69193,1413,아메리칸 호러 스토리5,5,12,2015-10-07
69573,17937,Ghost Adventures11,11,12,2015-08-22
69590,48891,브루클린 나인-나인3,3,23,2015-09-27
69647,1433,아메리칸 대드!13,13,22,2016-01-25
69756,2774,The Untouchables1,1,28,1959-10-15
69992,1848,Winx Club7,7,26,2015-09-21
70169,1622,수퍼내추럴11,11,23,2015-10-06
70218,62286,피어 더 워킹 데드0,0,16,2015-10-04
70251,1411,퍼슨 오브 인터레스트5,5,13,2016-05-04
70304,1911,본즈11,11,22,2015-10-01
70321,49009,골드버그 패밀리3,3,24,2015-09-23
70359,1435,굿 와이프7,7,22,2015-10-04
70404,34307,쉐임리스6,6,12,2016-01-10
70440,517,The Ultimate Fighter22,22,14,2015-09-09
70494,1416,그레이 아나토미12,12,24,2015-09-24
70512,2190,사우스 파크19,19,10,2015-09-16
70543,61852,Henry Danger2,2,18,2015-09-12
70640,41149,Die Rosenheim-Cops15,15,31,2015-09-08
70809,17610,NCIS: 로스앤젤레스7,7,24,2015-09-21
70879,61387,NCIS: 뉴올리언스2,2,24,2015-09-22
70932,43097,Saving Hope4,4,18,2015-09-24
70951,32798,하와이 파이브 오6,6,25,2015-09-25
71060,58841,시카고 PD3,3,23,2015-09-30
71116,44006,시카고 파이어4,4,23,2015-10-13
71133,954,The Rockford Files0,0,10,1974-03-27
71135,954,The Rockford Files2,2,22,1975-09-12
71136,954,The Rockford Files3,3,22,1976-09-24
71137,954,The Rockford Files4,4,22,1977-09-16
71138,954,The Rockford Files5,5,22,1978-09-22
71139,954,The Rockford Files6,6,12,1979-09-28
71719,39340,투 브로크 걸스5,5,22,2015-11-12
71805,49011,맘3,3,22,2015-11-05
71881,1399,왕좌의 게임6,6,10,2016-04-24
71955,64414,왁푸1,1,26,2008-10-30
71985,14814,4차원 가족 카다시안 따라잡기11,11,13,2015-11-15
71998,2710,필라델피아는 언제나 맑음11,11,10,2016-01-06
72027,64432,더 매지션스1,1,13,2015-12-16
72040,60059,베터 콜 사울2,2,10,2016-02-15
72261,64414,왁푸2,2,26,2011-02-25
72381,14814,4차원 가족 카다시안 따라잡기0,0,7,2015-12-01
72556,517,The Ultimate Fighter23,23,14,2016-04-20
72706,39793,Call the Midwife5,5,8,2016-01-17
73574,764,미드소머 머더스18,18,6,2016-01-06
73615,2370,헬'S 키친15,15,16,2016-01-15
73729,62643,DC 레전드 오브 투모로우0,0,29,2016-01-19
73780,62286,피어 더 워킹 데드2,2,15,2016-04-10
73866,4630,티미의 못말리는 수호천사10,10,37,2016-01-15
73880,46923,셰틀랜드3,3,6,2016-01-15
73885,8514,루폴의 드래그 레이스6,6,14,2014-02-24
73893,64414,왁푸0,0,11,2007-08-23
73939,1424,오렌지 이즈 더 뉴 블랙4,4,13,2016-06-18
74100,17937,Ghost Adventures12,12,13,2016-01-30
74182,61889,마블 데어데블2,2,13,2016-03-18
74336,38693,레고 닌자고6,6,10,2016-06-09
74568,41727,밴쉬4,4,8,2016-04-01
74857,65701,Good Mythical Morning1,1,129,2012-01-09
75105,8514,루폴의 드래그 레이스8,8,10,2016-03-07
75214,60585,보슈2,2,10,2016-03-10
75281,60948,12 몽키즈2,2,13,2016-04-18
75446,37632,스위치드 앳 버스5,5,10,2017-01-31
76310,31917,프리티 리틀 라이어스7,7,20,2016-06-21
76352,1338,Alarm für Cobra 11 - Die Autobahnpolizei38,38,9,2015-09-10
76353,1338,Alarm für Cobra 11 - Die Autobahnpolizei39,39,7,2016-04-07
76615,57243,닥터 후10,10,12,2017-04-15
76666,1424,오렌지 이즈 더 뉴 블랙0,0,1,2016-04-27
76691,14814,4차원 가족 카다시안 따라잡기12,12,21,2016-05-01
76834,1402,워킹 데드7,7,16,2016-10-23
76883,32608,고대의 외계인9,9,12,2014-10-31
77027,32608,고대의 외계인10,10,10,2015-07-24
77028,32608,고대의 외계인11,11,15,2016-05-06
77841,34307,쉐임리스7,7,12,2016-10-02
77888,60735,플래시3,3,23,2016-10-04
78328,67026,지정생존자1,1,21,2016-09-21
78349,61418,제인 더 버진3,3,20,2016-10-17
78350,1622,수퍼내추럴12,12,23,2016-10-12
78479,1413,아메리칸 호러 스토리6,6,10,2016-09-14
78509,62643,DC 레전드 오브 투모로우2,2,17,2016-10-13
78513,48891,브루클린 나인-나인4,4,22,2016-09-20
78514,1403,에이전트 오브 쉴드4,4,22,2016-09-20
78515,1421,모던 패밀리8,8,22,2016-09-21
78564,67136,디스 이즈 어스1,1,18,2016-09-20
78668,62649,슈퍼스토어2,2,22,2016-08-19
78669,2190,사우스 파크20,20,10,2016-09-14
78745,67198,스타 트렉: 디스커버리1,1,15,2017-09-24
78870,62688,슈퍼걸2,2,22,2016-10-10
79033,65701,Good Mythical Morning10,10,105,2016-08-01
79174,1416,그레이 아나토미13,13,24,2016-09-22
79312,18165,뱀파이어 다이어리8,8,16,2016-10-21
79484,2734,로 앤 오더: 성범죄 전담반18,18,21,2016-09-21
79691,1338,Alarm für Cobra 11 - Die Autobahnpolizei40,40,12,2016-09-01
79710,1412,애로우5,5,23,2016-10-05
79719,517,The Ultimate Fighter24,24,14,2016-08-30
79757,32798,하와이 파이브 오7,7,25,2016-09-23
79788,39272,원스 어폰 어 타임6,6,22,2016-09-25
79794,58841,시카고 PD4,4,23,2016-09-21
79796,62710,블라인드스팟2,2,22,2016-09-14
79954,60735,플래시0,0,69,2016-04-19
79977,44006,시카고 파이어5,5,22,2016-10-11
79979,49009,골드버그 패밀리4,4,24,2016-09-21
80041,65701,Good Mythical Morning2,2,85,2012-08-06
80127,65701,Good Mythical Morning3,3,60,2013-01-14
80128,65701,Good Mythical Morning5,5,124,2014-01-08
80129,65701,Good Mythical Morning9,9,115,2016-01-11
80151,65701,Good Mythical Morning6,6,115,2014-07-14
80155,1911,본즈12,12,12,2017-01-03
80156,17610,NCIS: 로스앤젤레스8,8,24,2016-09-25
80157,32692,블루 블러드7,7,22,2016-09-23
80170,65701,Good Mythical Morning7,7,135,2015-01-12
80208,41149,Die Rosenheim-Cops16,16,30,2016-09-13
80239,61387,NCIS: 뉴올리언스3,3,24,2016-09-20
80355,2370,헬'S 키친16,16,16,2016-09-23
80357,32726,밥스 버거스7,7,22,2016-09-25
80430,61852,Henry Danger3,3,19,2016-09-17
80456,17937,Ghost Adventures13,13,13,2016-09-24
80599,37606,검볼5,5,40,2016-09-01
80600,65701,Good Mythical Morning8,8,100,2015-08-10
80687,14929,하트랜드10,10,18,2016-10-02
80695,68073,The Loud House1,1,52,2016-05-02
80913,39340,투 브로크 걸스6,6,21,2016-10-10
81266,1399,왕좌의 게임7,7,7,2017-07-16
81405,49011,맘4,4,22,2016-10-27
81425,43097,Saving Hope0,0,36,
81478,1433,아메리칸 대드!14,14,22,2016-11-07
81539,67136,디스 이즈 어스0,0,119,2016-09-13
82407,46896,오리지널스4,4,13,2017-03-16
82889,764,미드소머 머더스19,19,6,2016-12-18
82956,69158,굿 파이트1,1,10,2017-02-18
83078,39793,Call the Midwife6,6,8,2017-01-22
83085,2774,The Untouchables2,2,32,1960-10-13
83086,2774,The Untouchables3,3,28,1961-10-12
83087,2774,The Untouchables4,4,30,1962-09-25
83258,2710,필라델피아는 언제나 맑음12,12,10,2017-01-04
83365,8590,Plus belle la vie1,1,260,2004-08-30
83562,69478,핸드메이즈 테일1,1,10,2017-04-26
83767,8590,Plus belle la vie13,13,260,2016-10-10
83768,8590,Plus belle la vie12,12,260,2015-10-12
83956,60059,베터 콜 사울3,3,10,2017-04-10
84295,64432,더 매지션스2,2,13,2017-01-25
84322,65701,Good Mythical Morning11,11,109,2017-01-16
84362,43097,Saving Hope5,5,18,2017-03-12
84848,1424,오렌지 이즈 더 뉴 블랙5,5,13,2017-06-10
84885,54344,레프트오버3,3,8,2017-04-16
85412,36361,Ulice10,10,215,2014-08-18
85539,60585,보슈3,3,10,2017-04-20
85708,8514,루폴의 드래그 레이스9,9,14,2017-03-24
86103,14814,4차원 가족 카다시안 따라잡기13,13,14,2017-03-12
86551,60866,아이 좀비3,3,13,2017-04-04
86618,17937,Ghost Adventures14,14,11,2017-03-24
86869,873,형사 콜롬보0,0,2,1968-02-20
86926,60625,릭 앤 모티3,3,10,2017-04-01
87195,1338,Alarm für Cobra 11 - Die Autobahnpolizei41,41,7,2017-04-06
87358,68073,The Loud House2,2,49,2016-11-09
87513,517,The Ultimate Fighter25,25,15,2017-04-19
87686,1848,Winx Club6,6,26,2013-09-29
87822,62286,피어 더 워킹 데드3,3,16,2017-06-04
87889,32608,고대의 외계인12,12,16,2017-04-28
87983,38693,레고 닌자고7,7,10,2017-05-15
88142,60948,12 몽키즈3,3,10,2017-05-19
88380,71712,굿 닥터1,1,18,2017-09-25
88399,71728,영 셸든1,1,22,2017-09-24
88501,71790,스와트1,1,22,2017-11-02
88957,72027,레이븐의 집1,1,13,2017-07-21
90247,60735,플래시4,4,23,2017-10-10
90314,62710,블라인드스팟3,3,22,2017-10-27
90327,1412,애로우6,6,23,2017-10-12
90336,4546,커브 유어 엔수지애즘9,9,10,2017-10-01
90431,62688,슈퍼걸3,3,23,2017-10-09
90503,1413,아메리칸 호러 스토리7,7,11,2017-09-05
90541,72879,Demain nous appartient1,1,1693,2017-07-17
90646,60948,12 몽키즈4,4,11,2018-06-15
91130,67026,지정생존자2,2,22,2017-09-27
91214,34307,쉐임리스8,8,12,2017-11-05
91257,2734,로 앤 오더: 성범죄 전담반19,19,24,2017-09-27
91317,32798,하와이 파이브 오8,8,25,2017-09-29
91561,62643,DC 레전드 오브 투모로우3,3,18,2017-10-10
91666,61387,NCIS: 뉴올리언스4,4,24,2017-09-26
91667,39272,원스 어폰 어 타임7,7,22,2017-10-06
91712,65701,Good Mythical Morning12,12,191,2017-08-21
91735,1402,워킹 데드8,8,16,2017-10-22
91747,61418,제인 더 버진4,4,17,2017-10-13
91749,1421,모던 패밀리9,9,22,2017-09-27
91751,48891,브루클린 나인-나인5,5,22,2017-09-26
91755,62649,슈퍼스토어3,3,22,2017-09-28
91756,67136,디스 이즈 어스2,2,18,2017-09-26
91757,58841,시카고 PD5,5,22,2017-09-27
91758,44006,시카고 파이어6,6,23,2017-09-28
91831,61852,Henry Danger4,4,20,2017-10-21
91968,17610,NCIS: 로스앤젤레스9,9,24,2017-10-01
92088,1416,그레이 아나토미14,14,24,2017-09-28
92109,41149,Die Rosenheim-Cops17,17,24,2017-09-26
92289,517,The Ultimate Fighter26,26,12,2017-08-30
92690,2190,사우스 파크21,21,10,2017-09-13
92695,1622,수퍼내추럴13,13,23,2017-10-12
92744,49009,골드버그 패밀리5,5,22,2017-09-27
92879,64414,왁푸3,3,13,2017-09-02
93106,17937,Ghost Adventures15,15,15,2017-09-23
93146,14929,하트랜드11,11,18,2017-09-24
93180,14814,4차원 가족 카다시안 따라잡기14,14,19,2017-10-01
93412,32692,블루 블러드8,8,22,2017-09-29
93416,32726,밥스 버거스8,8,21,2017-10-01
93439,2370,헬'S 키친17,17,16,2017-09-29
93466,1338,Alarm für Cobra 11 - Die Autobahnpolizei42,42,13,2017-09-14
93574,69478,핸드메이즈 테일2,2,13,2018-04-25
93742,1403,에이전트 오브 쉴드5,5,22,2017-12-01
93959,4087,엑스 파일11,11,10,2018-01-03
94333,49011,맘5,5,22,2017-11-02
94352,8590,Plus belle la vie2,2,260,2005-09-05
94353,8590,Plus belle la vie3,3,260,2006-09-11
94354,8590,Plus belle la vie4,4,260,2007-09-10
94355,8590,Plus belle la vie5,5,260,2008-09-08
94356,8590,Plus belle la vie6,6,260,2009-09-14
94357,8590,Plus belle la vie7,7,260,2010-10-04
94358,8590,Plus belle la vie8,8,235,2011-10-03
94359,8590,Plus belle la vie9,9,285,2012-09-10
94360,8590,Plus belle la vie10,10,260,2013-10-14
95556,64432,더 매지션스3,3,13,2018-01-10
95607,75219,9-1-11,1,10,2018-01-03
96539,41149,Die Rosenheim-Cops0,0,6,2003-12-29
97100,57243,닥터 후11,11,10,2018-10-07
97950,65701,Good Mythical Morning13,13,214,2018-01-08
98181,68073,The Loud House3,3,48,2018-01-19
98209,38693,레고 닌자고8,8,10,2018-04-16
98248,39793,Call the Midwife7,7,8,2018-01-21
98895,63247,웨스트월드2,2,10,2018-04-23
99009,46923,셰틀랜드4,4,6,2018-02-13
99112,72027,레이븐의 집2,2,21,2018-06-25
99270,1433,아메리칸 대드!15,15,22,2017-12-25
99322,60585,보슈4,4,10,2018-04-12
99346,60866,아이 좀비4,4,13,2018-02-26
99582,62286,피어 더 워킹 데드4,4,16,2018-04-15
100081,69158,굿 파이트2,2,13,2018-03-03
101109,78191,너의 모든 것1,1,10,2018-09-09
101162,8514,루폴의 드래그 레이스10,10,14,2018-03-22
101550,46896,오리지널스5,5,13,2018-04-17
101707,17937,Ghost Adventures16,16,10,2018-06-16
102630,517,The Ultimate Fighter27,27,15,2018-04-18
103111,32608,고대의 외계인13,13,15,2018-04-27
103695,79460,레가시1,1,16,2018-10-22
103782,1403,에이전트 오브 쉴드6,6,13,2019-05-10
103790,764,미드소머 머더스20,20,6,2019-03-10
103881,79593,매그넘 P.I.1,1,20,2018-09-24
104126,79744,더 루키1,1,20,2018-10-16
104472,36361,Ulice4,4,214,2008-09-01
104473,36361,Ulice5,5,215,2009-08-31
104474,36361,Ulice7,7,200,2011-09-05
104475,36361,Ulice6,6,205,2010-08-30
104476,36361,Ulice9,9,205,2013-09-02
104477,36361,Ulice8,8,210,2012-08-27
104478,36361,Ulice11,11,210,2015-08-24
104479,36361,Ulice12,12,215,2016-08-22
104480,36361,Ulice13,13,215,2017-08-21
104603,60059,베터 콜 사울4,4,10,2018-08-06
104777,60735,플래시5,5,22,2018-10-09
104790,1424,오렌지 이즈 더 뉴 블랙6,6,13,2018-07-28
104861,34307,쉐임리스9,9,14,2018-09-09
105071,105,섹스 앤 더 시티0,0,6,2003-10-01
105402,1338,Alarm für Cobra 11 - Die Autobahnpolizei43,43,6,2018-03-29
105455,44006,시카고 파이어7,7,22,2018-09-26
105457,58841,시카고 PD6,6,22,2018-09-26
105458,62710,블라인드스팟4,4,22,2018-10-12
105506,75219,9-1-12,2,18,2018-09-23
105509,2734,로 앤 오더: 성범죄 전담반20,20,24,2018-09-27
105510,62649,슈퍼스토어4,4,22,2018-10-04
105511,62688,슈퍼걸4,4,22,2018-10-14
105512,1412,애로우7,7,22,2018-10-15
105513,62643,DC 레전드 오브 투모로우4,4,16,2018-10-22
105970,1622,수퍼내추럴14,14,20,2018-10-11
106028,1413,아메리칸 호러 스토리8,8,10,2018-09-12
106029,2710,필라델피아는 언제나 맑음13,13,10,2018-09-05
106154,80748,FBI1,1,22,2018-09-25
106178,60625,릭 앤 모티0,0,35,2016-10-25
106223,580,스타 트렉: 딥 스페이스 나인0,0,115,2003-02-25
106773,21926,Big Brother1,1,116,2000-03-01
106774,21926,Big Brother2,2,112,2000-09-14
106775,21926,Big Brother3,3,108,2001-01-27
106776,21926,Big Brother4,4,111,2003-03-31
106777,21926,Big Brother5,5,419,2004-03-02
106778,21926,Big Brother6,6,125,2005-03-02
106779,21926,Big Brother7,7,0,
106780,21926,Big Brother8,8,0,
106781,21926,Big Brother9,9,0,
106782,21926,Big Brother10,10,0,
106783,21926,Big Brother11,11,0,
106784,21926,Big Brother12,12,0,
106926,32726,밥스 버거스9,9,22,2018-09-30
107199,71712,굿 닥터2,2,18,2018-09-24
107414,14814,4차원 가족 카다시안 따라잡기15,15,16,2018-08-05
107971,1399,왕좌의 게임8,8,6,2019-04-14
108332,17610,NCIS: 로스앤젤레스10,10,24,2018-09-30
108333,71728,영 셸든2,2,22,2018-09-23
108334,61387,NCIS: 뉴올리언스5,5,24,2018-09-25
108338,71790,스와트2,2,23,2018-09-27
108448,1421,모던 패밀리10,10,22,2018-09-26
108464,37606,검볼6,6,44,2018-01-05
108487,67136,디스 이즈 어스3,3,18,2018-09-25
108619,517,The Ultimate Fighter28,28,15,2018-08-29
108719,49011,맘6,6,22,2018-09-27
108789,49009,골드버그 패밀리0,0,2,2016-04-27
108793,49009,골드버그 패밀리6,6,23,2018-09-26
108798,1416,그레이 아나토미15,15,25,2018-09-27
108805,38693,레고 닌자고9,9,10,2018-09-03
109241,36361,Ulice14,14,215,2018-08-20
109457,32692,블루 블러드9,9,22,2018-09-28
109531,1402,워킹 데드9,9,16,2018-10-07
109592,61889,마블 데어데블3,3,13,2018-10-19
109772,2370,헬'S 키친18,18,16,2018-09-28
109817,41149,Die Rosenheim-Cops18,18,25,2018-10-02
109916,67198,스타 트렉: 디스커버리0,0,45,2018-03-25
109933,2190,사우스 파크22,22,10,2018-09-26
110012,32798,하와이 파이브 오9,9,25,2018-09-28
110143,67198,스타 트렉: 디스커버리2,2,14,2019-01-17
110147,82728,블루이1,1,52,2018-10-01
110402,8590,Plus belle la vie14,14,260,2017-10-09
110413,17937,Ghost Adventures17,17,10,2018-10-31
110469,1338,Alarm für Cobra 11 - Die Autobahnpolizei44,44,11,2018-09-13
111922,61852,Henry Danger5,5,39,2018-11-03
112028,64432,더 매지션스4,4,13,2019-01-23
112768,60866,아이 좀비5,5,13,2019-05-02
113010,790,아가사 크리스티 - 명탐정 포와로0,0,12,
113677,63247,웨스트월드0,0,61,2017-11-07
114100,2637,Come Dine with Me43,43,9,2018-01-02
114567,48891,브루클린 나인-나인6,6,18,2019-01-10
115588,14929,하트랜드12,12,11,2019-01-06
116290,39793,Call the Midwife8,8,8,2019-01-13
116810,72027,레이븐의 집3,3,26,2019-06-17
116904,85949,스타 트렉: 피카드1,1,10,2020-01-23
116962,38409,루폴의 드래그 레이스: 꺼내봐!4,4,11,2013-01-28
116963,38409,루폴의 드래그 레이스: 꺼내봐!5,5,12,2014-02-24
116966,38409,루폴의 드래그 레이스: 꺼내봐!6,6,12,2015-03-02
116967,38409,루폴의 드래그 레이스: 꺼내봐!7,7,9,2016-03-07
116968,38409,루폴의 드래그 레이스: 꺼내봐!8,8,12,2017-03-24
116969,38409,루폴의 드래그 레이스: 꺼내봐!9,9,12,2018-03-22
118520,69158,굿 파이트3,3,10,2019-03-13
118751,69478,핸드메이즈 테일3,3,13,2019-06-05
118775,46923,셰틀랜드5,5,6,2019-02-12
118866,86831,"러브, 데스 + 로봇1",1,18,2019-03-15
119135,61418,제인 더 버진5,5,19,2019-03-27
119353,17937,Ghost Adventures18,18,13,2019-02-23
119659,8514,루폴의 드래그 레이스11,11,14,2019-02-28
119684,60585,보슈5,5,10,2019-04-18
119721,87247,바쿠간 배틀 플래닛1,1,52,2018-12-22
120394,38693,레고 닌자고10,10,4,2019-01-19
120562,38409,루폴의 드래그 레이스: 꺼내봐!10,10,12,2019-03-01
121100,87917,'포 올 맨카인드' - For All Mankind1,1,10,2019-11-01
121450,14814,4차원 가족 카다시안 따라잡기16,16,12,2019-03-31
121629,62286,피어 더 워킹 데드5,5,16,2019-06-02
122914,67026,지정생존자3,3,10,2019-06-07
123719,1433,아메리칸 대드!16,16,20,2019-04-15
123967,1402,워킹 데드10,10,22,2019-10-06
124271,68073,The Loud House4,4,50,2019-05-27
124604,1424,오렌지 이즈 더 뉴 블랙7,7,13,2019-07-27
125191,32608,고대의 외계인14,14,22,2019-05-31
125410,38693,레고 닌자고11,11,30,2019-06-22
125495,69478,핸드메이즈 테일0,0,122,2017-02-03
126157,80748,FBI2,2,19,2019-09-24
126163,58841,시카고 PD7,7,20,2019-09-25
126164,44006,시카고 파이어8,8,20,2019-09-25
126166,32692,블루 블러드10,10,19,2019-09-27
126169,71790,스와트3,3,21,2019-10-02
126171,60735,플래시6,6,19,2019-10-08
126646,1413,아메리칸 호러 스토리9,9,9,2019-09-18
126649,2710,필라델피아는 언제나 맑음14,14,10,2019-09-25
127046,1421,모던 패밀리11,11,18,2019-09-25
127097,71712,굿 닥터3,3,20,2019-09-23
127098,75219,9-1-13,3,18,2019-09-23
127101,79744,더 루키2,2,20,2019-09-29
127111,78191,너의 모든 것2,2,10,2019-12-26
127154,72879,Demain nous appartient0,0,2,2019-06-10
127918,91239,브리저튼1,1,8,2020-12-25
127977,1848,Winx Club8,8,26,2019-04-15
128112,60625,릭 앤 모티4,4,10,2019-11-10
128116,63247,웨스트월드3,3,8,2020-03-16
128272,1412,애로우8,8,10,2019-10-15
128739,61852,Henry Danger0,0,2,2019-08-03
128801,1338,Alarm für Cobra 11 - Die Autobahnpolizei0,0,1,2016-03-12
128829,34307,쉐임리스10,10,12,2019-11-10
128851,32726,밥스 버거스10,10,22,2019-09-29
129275,49009,골드버그 패밀리7,7,23,2019-09-25
129334,2734,로 앤 오더: 성범죄 전담반21,21,20,2019-09-26
129336,49011,맘7,7,20,2019-09-26
129337,79460,레가시2,2,16,2019-10-10
129338,71728,영 셸든3,3,21,2019-09-25
129342,67136,디스 이즈 어스4,4,18,2019-09-24
129343,61387,NCIS: 뉴올리언스6,6,20,2019-09-24
129348,1416,그레이 아나토미16,16,21,2019-09-26
129415,32798,하와이 파이브 오10,10,22,2019-09-27
129416,17610,NCIS: 로스앤젤레스11,11,22,2019-09-29
130029,14814,4차원 가족 카다시안 따라잡기17,17,12,2019-09-08
130297,8514,루폴의 드래그 레이스12,12,14,2020-02-28
131142,2190,사우스 파크23,23,10,2019-09-25
131152,79593,매그넘 P.I.2,2,20,2019-09-27
131193,62649,슈퍼스토어5,5,21,2019-09-26
131196,62688,슈퍼걸5,5,19,2019-10-06
132243,1622,수퍼내추럴15,15,20,2019-10-10
132520,41149,Die Rosenheim-Cops19,19,27,2019-09-24
132830,14929,하트랜드13,13,10,2019-09-22
133716,94372,FBI: 모스트 원티드1,1,14,2020-01-07
133927,1338,Alarm für Cobra 11 - Die Autobahnpolizei45,45,7,2019-03-21
133928,1338,Alarm für Cobra 11 - Die Autobahnpolizei46,46,10,2019-09-12
135191,62643,DC 레전드 오브 투모로우5,5,15,2020-01-14
135509,48891,브루클린 나인-나인7,7,13,2020-02-06
135741,57243,닥터 후12,12,10,2020-01-01
136162,60059,베터 콜 사울5,5,10,2020-02-23
137075,764,미드소머 머더스21,21,4,2020-01-21
137221,64432,더 매지션스5,5,13,2020-01-15
137894,4546,커브 유어 엔수지애즘10,10,10,2020-01-19
138212,82728,블루이0,0,28,2019-12-14
139874,39793,Call the Midwife9,9,8,2020-01-05
140998,97951,메이어 오브 킹스타운1,1,10,2021-11-14
141866,17937,Ghost Adventures19,19,4,2019-10-31
142099,32608,고대의 외계인15,15,12,2020-01-25
142132,34307,쉐임리스11,11,12,2020-12-06
143445,87247,바쿠간 배틀 플래닛3,3,104,2020-03-01
143457,8590,Plus belle la vie15,15,260,2018-10-08
143458,8590,Plus belle la vie16,16,200,2019-10-07
143749,82728,블루이2,2,52,2020-03-17
144095,1413,아메리칸 호러 스토리10,10,10,2021-08-24
144231,38409,루폴의 드래그 레이스: 꺼내봐!11,11,12,2020-02-28
145454,60585,보슈6,6,10,2020-04-16
145472,17937,Ghost Adventures20,20,12,2020-02-27
145679,14814,4차원 가족 카다시안 따라잡기18,18,6,2020-03-26
145681,69158,굿 파이트4,4,7,2020-04-08
146859,62710,블라인드스팟5,5,11,2020-05-07
147409,1421,모던 패밀리0,0,63,
147876,1433,아메리칸 대드!17,17,24,2020-04-13
147916,8590,Plus belle la vie0,0,68,2006-12-26
147976,1403,에이전트 오브 쉴드7,7,13,2020-05-27
151258,68073,The Loud House0,0,5,2020-05-23
152447,45854,유희왕 ZEXAL0,0,3,2012-09-17
155259,38693,레고 닌자고12,12,16,2020-07-19
155719,65701,Good Mythical Morning14,14,95,2018-08-20
156731,106158,로 앤 오더: 조직범죄 전담반1,1,8,2021-04-01
156969,72027,레이븐의 집4,4,19,2020-07-24
157301,87917,'포 올 맨카인드' - For All Mankind2,2,10,2021-02-19
157342,32726,밥스 버거스11,11,22,2020-09-27
157442,67198,스타 트렉: 디스커버리3,3,13,2020-10-15
157589,62286,피어 더 워킹 데드6,6,16,2020-10-11
159864,1338,Alarm für Cobra 11 - Die Autobahnpolizei47,47,6,2020-08-20
159996,60735,플래시7,7,18,2021-03-02
160609,68073,The Loud House5,5,47,2020-09-11
160631,58841,시카고 PD8,8,16,2020-11-11
160633,44006,시카고 파이어9,9,16,2020-11-11
160634,2734,로 앤 오더: 성범죄 전담반22,22,16,2020-11-12
160635,62649,슈퍼스토어6,6,15,2020-10-28
161926,41149,Die Rosenheim-Cops20,20,26,2020-10-13
162041,38693,레고 닌자고13,13,16,2020-07-06
162249,49009,골드버그 패밀리8,8,22,2020-10-21
162350,14814,4차원 가족 카다시안 따라잡기19,19,8,2020-09-17
163320,1416,그레이 아나토미17,17,17,2020-11-12
163383,71712,굿 닥터4,4,20,2020-11-02
163744,62688,슈퍼걸6,6,20,2021-03-30
164444,2190,사우스 파크24,24,2,2020-09-30
164617,62643,DC 레전드 오브 투모로우6,6,15,2021-05-02
165692,61387,NCIS: 뉴올리언스7,7,16,2020-11-08
165705,71728,영 셸든4,4,18,2020-11-04
165720,71790,스와트4,4,18,2020-11-11
165760,67136,디스 이즈 어스5,5,15,2020-10-27
165814,8590,Plus belle la vie17,17,257,2020-09-07
166425,94372,FBI: 모스트 원티드2,2,15,2020-11-17
166426,80748,FBI3,3,15,2020-11-17
166728,17610,NCIS: 로스앤젤레스12,12,18,2020-11-08
167732,2370,헬'S 키친19,19,16,2021-01-07
167768,49011,맘8,8,18,2020-11-05
168573,32692,블루 블러드11,11,16,2020-12-04
168576,75219,9-1-14,4,14,2021-01-18
168753,32608,고대의 외계인16,16,10,2020-11-13
168939,79460,레가시3,3,16,2021-01-20
168941,79593,매그넘 P.I.3,3,16,2020-12-04
168952,65701,Good Mythical Morning18,18,74,2020-09-14
168953,65701,Good Mythical Morning0,0,743,
171649,8514,루폴의 드래그 레이스13,13,16,2021-01-01
171650,38409,루폴의 드래그 레이스: 꺼내봐!12,12,14,2021-01-01
171758,2710,필라델피아는 언제나 맑음15,15,8,2021-12-01
172040,2637,Come Dine with Me45,45,5,2020-03-09
173119,79744,더 루키3,3,14,2021-01-03
173525,65701,Good Mythical Morning19,19,139,2021-01-11
174661,17937,Ghost Adventures21,21,11,2020-11-05
175012,57243,닥터 후13,13,6,2021-10-31
175915,14929,하트랜드14,14,10,2021-01-10
176441,78191,너의 모든 것3,3,10,2021-10-15
177893,71728,영 셸든0,0,3,2017-05-27
177923,91239,브리저튼2,2,8,2022-03-25
178837,14814,4차원 가족 카다시안 따라잡기20,20,14,2021-03-18
179060,1433,아메리칸 대드!18,18,22,2021-04-19
180047,65701,Good Mythical Morning4,4,79,2013-09-03
180049,65701,Good Mythical Morning15,15,95,2019-01-07
180050,65701,Good Mythical Morning16,16,91,2019-08-26
180051,65701,Good Mythical Morning17,17,30,2020-01-13
180199,38693,레고 닌자고14,14,4,2021-03-07
183340,69478,핸드메이즈 테일4,4,10,2021-04-28
188470,60625,릭 앤 모티5,5,10,2021-06-20
189178,764,미드소머 머더스22,22,6,2021-04-04
189181,87247,바쿠간 배틀 플래닛4,4,52,2021-01-24
189337,1402,워킹 데드11,11,24,2021-08-22
189921,2370,헬'S 키친20,20,16,2021-05-31
190193,38693,레고 닌자고15,15,16,2021-04-04
190243,39793,Call the Midwife10,10,7,2021-04-18
191339,86831,"러브, 데스 + 로봇2",2,8,2021-05-14
194886,60585,보슈7,7,8,2021-06-24
195674,69158,굿 파이트5,5,10,2021-06-23
196086,48891,브루클린 나인-나인8,8,9,2021-08-12
196786,126308,쇼군1,1,10,2024-02-26
196991,60585,보슈0,0,1,2014-02-05
197315,517,The Ultimate Fighter29,29,12,2021-06-01
197349,68073,The Loud House6,6,49,2022-03-11
199275,62643,DC 레전드 오브 투모로우7,7,13,2021-10-13
199276,79460,레가시4,4,20,2021-10-14
199286,60735,플래시8,8,20,2021-11-16
199406,85949,스타 트렉: 피카드2,2,10,2022-03-03
200981,1338,Alarm für Cobra 11 - Die Autobahnpolizei48,48,8,2021-07-29
201999,80748,FBI4,4,21,2021-09-21
202000,94372,FBI: 모스트 원티드3,3,22,2021-09-21
202002,71790,스와트5,5,22,2021-10-01
202003,79593,매그넘 P.I.4,4,20,2021-10-01
202004,32692,블루 블러드12,12,20,2021-10-01
202005,71728,영 셸든5,5,22,2021-10-06
202010,17610,NCIS: 로스앤젤레스13,13,22,2021-10-10
202432,71712,굿 닥터5,5,18,2021-09-27
202433,49009,골드버그 패밀리9,9,22,2021-09-22
202438,79744,더 루키4,4,22,2021-09-26
202440,1416,그레이 아나토미18,18,20,2021-09-30
202463,44006,시카고 파이어10,10,22,2021-09-22
202464,58841,시카고 PD9,9,22,2021-09-22
202465,2734,로 앤 오더: 성범죄 전담반23,23,22,2021-09-23
202466,106158,로 앤 오더: 조직범죄 전담반2,2,22,2021-09-23
202470,75219,9-1-15,5,18,2021-09-20
202933,4414,Highlander: The Series0,0,1,2003-04-27
203164,72027,레이븐의 집0,0,1,2021-05-21
203528,62286,피어 더 워킹 데드7,7,16,2021-10-17
203536,32608,고대의 외계인17,17,7,2021-08-06
203671,32726,밥스 버거스12,12,22,2021-09-26
203963,44006,시카고 파이어0,0,1,2014-02-11
204040,85949,스타 트렉: 피카드0,0,41,
204068,67198,스타 트렉: 디스커버리4,4,13,2021-11-18
204171,17937,Ghost Adventures22,22,24,2021-07-22
209142,65701,Good Mythical Morning20,20,76,2021-09-14
209453,82728,블루이3,3,50,2021-09-05
210440,41149,Die Rosenheim-Cops21,21,27,2021-09-21
212122,67136,디스 이즈 어스6,6,18,2022-01-04
213046,8590,Plus belle la vie18,18,310,2021-09-01
213521,4546,커브 유어 엔수지애즘11,11,10,2021-10-24
213809,14929,하트랜드15,15,10,2021-10-17
214686,46923,셰틀랜드6,6,6,2021-10-20
214897,2774,The Untouchables0,0,1,1959-04-20
215483,764,미드소머 머더스0,0,1,2019-06-15
215537,78191,너의 모든 것4,4,10,2023-02-09
215690,72027,레이븐의 집5,5,25,2022-03-11
217164,137228,La Casa de los Famosos1,1,59,2021-08-24
219363,138502,엑스맨 '971,1,10,2024-03-19
219379,549,로 앤 오더21,21,10,2022-02-24
234110,8514,루폴의 드래그 레이스14,14,16,2022-01-07
236622,1433,아메리칸 대드!19,19,22,2022-01-24
237071,39793,Call the Midwife11,11,8,2022-01-02
238743,32608,고대의 외계인18,18,20,2022-01-07
239101,38409,루폴의 드래그 레이스: 꺼내봐!13,13,14,2022-01-07
239349,65701,Good Mythical Morning21,21,143,2022-01-10
240041,69478,핸드메이즈 테일5,5,10,2022-09-14
240087,2190,사우스 파크25,25,6,2022-02-02
243392,60059,베터 콜 사울6,6,13,2022-04-18
244777,87247,바쿠간 배틀 플래닛5,5,56,2022-02-06
246215,36361,Ulice15,15,160,2019-08-19
246216,36361,Ulice16,16,215,2020-08-17
246217,36361,Ulice17,17,215,2021-08-16
287205,87917,'포 올 맨카인드' - For All Mankind3,3,10,2022-06-09
288278,86831,"러브, 데스 + 로봇3",3,9,2022-05-20
292168,38693,레고 닌자고16,16,30,2022-05-20
292418,517,The Ultimate Fighter30,30,12,2022-05-03
293172,63247,웨스트월드4,4,8,2022-06-27
295286,69158,굿 파이트6,6,10,2022-09-08
295738,30984,블리치2,2,26,2022-10-11
296179,8514,루폴의 드래그 레이스15,15,16,2023-01-06
296478,75219,9-1-16,6,18,2022-09-19
296971,32726,밥스 버거스13,13,22,2022-09-25
297014,2370,헬'S 키친21,21,16,2022-09-29
297653,1416,그레이 아나토미19,19,20,2022-10-06
297656,49009,골드버그 패밀리10,10,22,2022-09-21
297660,79744,더 루키5,5,22,2022-09-25
297662,71712,굿 닥터6,6,22,2022-10-03
298367,1413,아메리칸 호러 스토리11,11,10,2022-10-18
298428,80748,FBI5,5,23,2022-09-20
298430,94372,FBI: 모스트 원티드4,4,22,2022-09-20
298433,71790,스와트6,6,22,2022-10-07
298442,71728,영 셸든6,6,22,2022-09-29
298443,32692,블루 블러드13,13,21,2022-10-07
298444,17610,NCIS: 로스앤젤레스14,14,21,2022-10-09
299104,44006,시카고 파이어11,11,22,2022-09-21
299105,58841,시카고 PD10,10,22,2022-09-21
299106,106158,로 앤 오더: 조직범죄 전담반3,3,22,2022-09-22
299108,549,로 앤 오더22,22,22,2022-09-22
299109,2734,로 앤 오더: 성범죄 전담반24,24,22,2022-09-22
299674,1413,아메리칸 호러 스토리0,0,14,2012-09-25
301726,91239,브리저튼3,3,8,2024-05-16
301912,85949,스타 트렉: 피카드3,3,10,2023-02-16
302127,206679,Na lovu1,1,89,2021-08-16
302129,206679,Na lovu2,2,104,2022-01-10
302503,60625,릭 앤 모티6,6,10,2022-09-04
303084,137228,La Casa de los Famosos2,2,78,2022-05-10
303876,46923,셰틀랜드7,7,6,2022-08-10
304082,36361,Ulice18,18,215,2022-08-15
307725,65701,Good Mythical Morning22,22,73,2022-09-12
307878,67198,스타 트렉: 디스커버리5,5,10,2024-04-04
309081,210479,Survivor Québec1,1,67,2023-04-02
309667,1338,Alarm für Cobra 11 - Die Autobahnpolizei49,49,3,2022-10-20
310376,41149,Die Rosenheim-Cops22,22,22,2022-10-04
310828,14929,하트랜드16,16,15,2022-10-02
314953,97951,메이어 오브 킹스타운2,2,10,2023-01-15
315251,31248,It's Showtime1,1,1,2009-10-24
315254,31248,It's Showtime13,13,25,
315609,79593,매그넘 P.I.5,5,20,2023-02-19
317212,31248,It's Showtime14,14,76,2022-11-07
318195,68073,The Loud House7,7,35,2023-05-17
318884,60735,플래시9,9,13,2023-02-08
318908,39793,Call the Midwife12,12,8,2023-01-01
319973,36361,Ulice0,0,8,2005-09-04
320311,764,미드소머 머더스23,23,4,2024-04-14
322251,62286,피어 더 워킹 데드8,8,12,2023-05-14
323209,32608,고대의 외계인19,19,20,2023-01-06
323353,38409,루폴의 드래그 레이스: 꺼내봐!14,14,14,2023-01-06
323590,65701,Good Mythical Morning23,23,152,2023-01-09
324837,2190,사우스 파크26,26,6,2023-02-08
328569,72027,레이븐의 집6,6,18,2023-04-09
328944,517,The Ultimate Fighter31,31,12,2023-05-30
329304,39793,Call the Midwife13,13,8,2024-01-07
331097,87247,바쿠간 배틀 플래닛2,2,48,2019-08-03
331108,87247,바쿠간 배틀 플래닛6,6,26,2023-03-01
331219,206679,Na lovu3,3,180,2022-08-22
331759,1433,아메리칸 대드!20,20,22,2023-03-27
332177,137228,La Casa de los Famosos3,3,85,2023-01-17
332665,137228,La Casa de los Famosos0,0,3,2021-11-16
333606,1413,아메리칸 호러 스토리12,12,9,2023-09-19
334315,78191,너의 모든 것5,5,0,
336383,206679,Na lovu0,0,22,2022-02-05
338173,2637,Come Dine with Me39,39,5,
338815,2710,필라델피아는 언제나 맑음16,16,8,2023-06-07
340919,32726,밥스 버거스14,14,13,2023-10-01
341075,17937,Ghost Adventures23,23,11,2023-06-07
341564,17610,NCIS: 로스앤젤레스0,0,1,2023-05-21
342231,1855,스타 트렉: 보이저7,7,25,2000-10-04
345590,64414,왁푸4,4,13,2024-02-09
347090,65701,Good Mythical Morning24,24,76,2023-09-11
351575,1877,피니와 퍼브5,5,0,
351796,36361,Ulice19,19,200,2023-08-07
352001,2370,헬'S 키친22,22,16,2023-09-28
354041,60625,릭 앤 모티7,7,10,2023-10-15
354548,206679,Na lovu4,4,83,2023-09-18
356298,234512,Papel Principal1,1,159,2023-09-25
356685,87917,'포 올 맨카인드' - For All Mankind4,4,10,2023-11-08
359238,14929,하트랜드17,17,10,2023-10-01
359504,41149,Die Rosenheim-Cops23,23,23,2023-10-10
362020,46923,셰틀랜드8,8,6,2023-11-01
365559,80748,FBI6,6,13,2024-02-13
365561,94372,FBI: 모스트 원티드5,5,13,2024-02-13
365562,71790,스와트7,7,13,2024-02-16
365600,71728,영 셸든7,7,14,2024-02-15
365601,32692,블루 블러드14,14,10,2024-02-16
366023,75219,9-1-17,7,10,2024-03-14
366034,1416,그레이 아나토미20,20,10,2024-03-14
366041,79744,더 루키6,6,10,2024-02-20
366042,71712,굿 닥터7,7,10,2024-02-20
366615,44006,시카고 파이어12,12,13,2024-01-16
366616,58841,시카고 PD11,11,13,2024-01-16
366617,549,로 앤 오더23,23,13,2024-01-18
366618,2734,로 앤 오더: 성범죄 전담반25,25,13,2024-01-18
366619,106158,로 앤 오더: 조직범죄 전담반4,4,13,2024-01-17
366708,764,미드소머 머더스24,24,4,
367961,8514,루폴의 드래그 레이스16,16,16,2024-01-05
368475,137228,La Casa de los Famosos4,4,101,2024-01-23
368476,240909,La Casa de los Famosos Colombia1,1,99,2024-02-11
369008,4546,커브 유어 엔수지애즘12,12,10,2024-02-04
369336,17937,Ghost Adventures24,24,10,2023-10-11
369623,38409,루폴의 드래그 레이스: 꺼내봐!15,15,14,2024-01-05
371110,69478,핸드메이즈 테일6,6,0,
371801,32608,고대의 외계인20,20,10,2024-01-05
373976,65701,Good Mythical Morning25,25,87,2024-01-08
378991,206679,Na lovu5,5,65,2024-02-19
381955,21926,Big Brother13,13,0,
381956,21926,Big Brother14,14,85,2024-03-04
383421,87917,'포 올 맨카인드' - For All Mankind0,0,28,2021-02-12
384064,234512,Papel Principal2,2,54,2024-03-04
384513,32726,밥스 버거스15,15,1,2024-09-29
384835,210479,Survivor Québec2,2,54,2024-03-31
385973,97951,메이어 오브 킹스타운3,3,1,2024-06-02
386838,75219,9-1-18,8,0,
387323,31248,It's Showtime15,15,37,2023-11-13
393448,2808,Totally Spies!7,7,26,2024-05-12
393538,71790,스와트8,8,1,
